L (m),m (kg),n,E (J)
4.370861069626262e-09,5.195146115295956e-28,3,4.4151780864298824e-23
9.556428757689246e-09,4.796506139398643e-28,9,9.550287503346654e-23
7.587945476302646e-09,2.6518987947209894e-29,5,9.083756145235965e-22
6.387926357773329e-09,3.4184070458129286e-28,8,2.3947824147579535e-22
2.4041677639819287e-09,3.8075344272894985e-28,7,1.2165464387479368e-21
2.403950683025824e-09,3.9936384039409333e-28,8,1.5476253577093808e-21
1.5227525095137952e-09,5.805502140950278e-28,7,1.9795342079858995e-21
8.795585311974417e-09,5.340223044348244e-28,3,1.166020078747659e-23
6.410035105688879e-09,6.082579782099306e-28,2,8.234336046277353e-24
7.372653200164409e-09,7.650948666067404e-28,7,6.47338586016887e-23
1.1852604486622221e-09,8.13154051551249e-28,3,3.8773640850293156e-22
9.729188669457949e-09,7.183767654578906e-28,3,7.014574442990583e-24
8.491983767203797e-09,9.555637246285753e-28,2,3.0379124691921633e-24
2.911051996104485e-09,1.9116173351952906e-29,4,5.35564533459214e-21
2.6364247048639057e-09,1.9650178549643093e-28,8,2.5441781544519285e-21
2.6506405886809044e-09,8.456068390661793e-30,1,9.680823053504695e-22
3.73818018663584e-09,6.477919869118639e-28,1,6.542706769016812e-24
5.72280788469014e-09,8.98122321455932e-28,5,4.403838064919226e-23
4.887505167779041e-09,2.4416316250938066e-28,5,2.5867749894329245e-22
3.621062261782377e-09,9.2710021370599e-28,1,4.338730852721387e-24
6.506676052501415e-09,6.111314963830025e-29,6,7.701970319510128e-22
2.2554447458683764e-09,9.344950343813894e-28,1,1.1839534501381984e-23
3.6293018368169637e-09,3.522062268211188e-28,5,3.31894774156251e-22
4.297256589643225e-09,1.0222954970361222e-28,9,2.290920255618765e-21
5.104629857953323e-09,4.8633447460305805e-28,5,9.854117474621422e-23
8.066583652537123e-09,2.5744546880955953e-28,6,1.267284505409374e-22
2.7970640394252378e-09,2.8551651635015714e-28,8,1.5068904243382391e-21
5.628109945722504e-09,3.07913403957853e-28,1,5.525157847543974e-24
6.331731119758381e-09,8.032031745246141e-28,2,6.436288082646884e-24
1.4180537144799795e-09,5.395760315262469e-28,9,4.0235483774431436e-21
6.467903667112945e-09,3.119275222267633e-28,3,3.6261054886411874e-23
2.5347171131856238e-09,6.106844829059387e-28,6,5.205884178942745e-22
1.5854643368675157e-09,7.164061386163928e-28,5,7.6496340763401735e-22
9.53996983528e-09,2.7327863913287365e-28,2,8.525812564562371e-24
9.690688297671034e-09,4.140769073339787e-28,7,7.259919612973253e-23
8.27557613304815e-09,1.2267639585294432e-28,4,1.0584899810583606e-22
3.741523922560336e-09,1.8188631512009913e-28,1,1.956438388273797e-23
1.8790490260574546e-09,6.814048478964144e-28,4,3.817562343054457e-22
7.158097238609412e-09,1.821750531827009e-28,6,2.136172872908435e-22
4.961372443656412e-09,5.255907366217599e-28,7,2.223117667259166e-22
2.0983441136030097e-09,7.093081200868826e-28,7,8.66387802447542e-22
5.456592191001432e-09,1.0768073386395857e-28,7,8.055562543098365e-22
1.3094966900369655e-09,5.6770163863123765e-28,3,5.021998674564041e-22
9.18388361870904e-09,2.5723187719603256e-28,6,9.472447520358513e-23
3.329019834400152e-09,9.62960241049866e-28,8,3.164415962250109e-22
6.962700559185837e-09,4.840104556378769e-28,4,3.65985719592831e-23
3.805399684804699e-09,8.0616715648036055e-28,8,2.9753331730010584e-22
5.680612190600297e-09,5.506313382683212e-28,2,1.1644656761806938e-23
5.920392514089517e-09,4.4273461575249833e-29,10,3.402793892217949e-21
2.663690099729743e-09,6.3348153935598785e-28,9,9.97554296142643e-22
9.726261649881027e-09,9.51447079198671e-28,9,5.235849768563046e-23
7.976195410250031e-09,6.019703695081995e-28,8,9.316828202727151e-23
9.455490474077702e-09,8.193515894533062e-28,10,7.474577347017416e-23
9.053446153848839e-09,8.843106775313943e-28,10,7.256925825846973e-23
6.3810998092997656e-09,2.287745001541785e-28,1,6.214071098832828e-24
9.296868115208051e-09,2.127539995523093e-28,2,1.2196743011452027e-23
1.7964325184672755e-09,6.113311059610259e-28,6,9.660555819891065e-22
2.7638457617723067e-09,4.115585441838788e-28,10,1.82411009983886e-21
1.4070456001948427e-09,8.400054276941404e-28,5,8.481014857658303e-22
3.927972976869379e-09,9.001131025869529e-28,9,3.0707050262350985e-22
4.498095607205338e-09,3.540033000613457e-28,5,1.9058574165477543e-22
3.4421412859650635e-09,2.3755737547140507e-28,2,7.607145237922339e-23
8.458637582367365e-09,7.807230422801425e-28,10,1.1118512513665862e-22
4.2107799402423035e-09,2.7545871011614283e-28,4,1.8456796253074756e-22
3.5284105871864268e-09,8.227739656270161e-28,9,4.380311387862658e-22
5.884264748424236e-09,4.24256889220479e-28,1,3.82431011923528e-24
2.2683180247728637e-09,6.678491043821083e-28,1,1.707247678063608e-23
8.219772826786357e-09,9.634933205221698e-29,7,4.113726859322257e-22
1.6709557931179374e-09,6.241978512843642e-28,3,2.750489304361477e-22
9.881982429404656e-09,4.522610878263656e-28,10,1.295095111628297e-22
7.950202923669917e-09,5.869805155586163e-28,2,5.865247793062833e-24
2.7884411338075515e-09,1.6876299495789306e-28,9,3.2064902609009494e-21
1.0496990541124216e-09,7.371105585737325e-28,3,5.696830630980832e-22
8.339152856093508e-09,8.629205601734397e-28,2,3.9379230161943e-24
7.3617160946285535e-09,2.17444734270694e-28,8,3.000159054494819e-22
7.561064512368886e-09,9.652841242019359e-29,10,9.65175391770182e-22
7.941433120173511e-09,2.4517311318894695e-29,6,1.2628024100067439e-21
1.6664018656068134e-09,6.422937260928671e-28,6,1.1524448733065333e-21
4.226191556898453e-09,6.074476514563009e-28,10,4.984211268380675e-22
2.0428215357261675e-09,5.4710538504262745e-28,7,1.0924807938038842e-21
8.767930832880342e-09,2.326383437294711e-28,7,1.528132982742321e-22
6.609683141448021e-09,3.914541805091998e-28,6,1.225065184448966e-22
3.978082223673843e-09,5.9484130648450555e-28,4,9.860489926440875e-23
1.5720251525742126e-09,4.9721976868619625e-28,9,3.5165836822679646e-21
3.79884089544096e-09,9.877965132466939e-28,6,1.4739253067124222e-22
3.9266498982407236e-09,1.3721695677943208e-28,4,4.194590940510914e-22
7.566455605042577e-09,6.95418923948951e-28,3,1.3175923844327538e-23
6.738017242196918e-09,4.048548812129983e-28,4,4.914287632737791e-23
8.984914683186939e-09,4.287142352721818e-28,3,1.3185700421126687e-23
5.2499343264575435e-09,7.1785192766908395e-28,2,1.2064340780517435e-23
2.0763482134447153e-09,6.927129587881778e-28,5,4.606079294053268e-22
7.419203085006955e-09,9.912638633078565e-28,2,4.139291208884376e-24
7.847065437552077e-09,1.2917873459361653e-28,6,2.3168957700080577e-22
6.0514947781254656e-09,1.049159506997206e-28,3,1.3180577175613954e-22
7.938704619591049e-09,7.245869121933254e-28,6,4.565070795191679e-23
5.4441603672795164e-09,5.787663687811034e-28,10,3.508899673579966e-22
5.704595464437946e-09,2.748139219599021e-28,9,5.3187618758679615e-22
4.847869165226946e-09,8.024789155689652e-29,1,2.9905961140323704e-23
1.2287721406968568e-09,8.648115717179376e-29,6,1.3962367800154308e-20
1.9710228429397403e-09,8.942861028769207e-28,9,1.2879829220891176e-21
1.2828626711806084e-09,1.9259464412649606e-28,4,2.6882948349624296e-21
6.727693701374023e-09,3.2398052770961683e-28,2,1.514619247975599e-23
3.82920382968694e-09,2.2735241146498375e-28,4,2.4738654243502664e-22
5.577136220482324e-09,3.5557680915668864e-28,1,4.909963626503561e-24
9.168098265334837e-09,7.026136128762189e-29,3,8.147254001372487e-23
3.243630062339874e-09,5.19492637096453e-28,10,9.76586221649454e-22
4.693446307320668e-09,6.845171228498191e-29,9,2.868740526187905e-21
7.799960246887439e-09,8.005361869653216e-28,10,1.1191703921186554e-22
3.059183489424602e-09,2.3440174103671367e-28,5,6.3439651568615575e-22
1.692819188459137e-09,5.404259038813666e-28,6,1.116381688699572e-21
3.6077630762239123e-09,8.80187016382653e-28,3,3.7990711412583145e-23
2.45099158528604e-09,6.511915794150518e-28,5,3.4478795816442166e-22
9.367278871083157e-09,5.333781245434392e-28,8,7.430603233636252e-23
8.273083416079752e-09,3.2494185273757184e-28,6,8.967498620150034e-23
6.700633808593811e-09,3.3360221133644563e-28,4,5.649181652764127e-23
8.84314531168946e-09,6.697844169385119e-28,2,4.193136367914096e-24
8.23304869209203e-09,9.941446357960684e-28,9,6.638575702457613e-23
2.6791305299743228e-09,6.621435345785143e-28,1,1.1123236258431699e-23
9.0330309864098e-09,5.58181412294392e-28,1,1.2660393004804634e-24
5.8540801772408564e-09,7.308929247800309e-28,4,3.536692227341198e-23
8.266961396476563e-09,4.656869272326629e-28,7,8.680602887954622e-23
9.06482169931144e-09,6.098821449244451e-29,1,1.0988793682013566e-23
3.862031274746775e-09,5.626907487436198e-28,9,5.853831219176755e-22
1.9904673207490907e-09,9.576634217493254e-28,4,2.3833087716059863e-22
3.051416462877475e-09,1.7604516970953776e-28,3,2.9397434964209666e-22
4.843970097636306e-09,6.9028388641892725e-28,1,3.52746186198648e-24
8.362132893302438e-09,2.0165284833926335e-28,10,3.5734105264760366e-22
8.74657524930709e-09,5.3624543955705555e-28,4,2.1532364415656086e-23
1.0625691747807164e-09,9.748944084203758e-29,9,4.103088139561435e-20
5.5967257231980915e-09,4.508656024155528e-28,10,3.9114944783137493e-22
4.756699028339011e-09,7.5638278189924045e-28,6,1.1351742073177037e-22
2.9989702942365725e-09,3.4815870986716706e-28,6,5.990263898520725e-22
2.0787883060031453e-09,6.652133039351797e-28,1,1.8338032873323624e-23
4.0385365426326515e-09,7.956340558250185e-28,10,4.250808745219429e-22
9.486187335212673e-09,9.272433594419212e-28,2,2.4844255255382617e-24
3.908826388186797e-09,2.353309039817837e-28,6,5.981149029681163e-22
5.6691155956902945e-09,3.9985653148507983e-28,2,1.48267003708552e-23
7.3271706300566e-09,1.5317883891842006e-28,3,5.908978682671228e-23
4.2726664214136455e-09,9.924902670064327e-28,4,4.8731335362708536e-23
9.746038744488646e-09,9.270666670531635e-28,5,1.5976288605405707e-23
9.662025654479001e-09,5.403711688633072e-28,9,8.408522176138114e-23
3.2660406624282777e-09,8.421754644114826e-28,4,1.0328899701056875e-22
5.475236553031468e-09,5.213891150924974e-28,9,2.6458567097612824e-22
3.7079047883509266e-09,6.239244608835573e-28,10,6.21673336592207e-22
3.5635644493972085e-09,8.994422012711221e-29,3,4.458579298460782e-22
1.3319825261907953e-09,7.554906771183609e-28,8,2.756738131027234e-21
6.486079005819071e-09,1.2849854149996312e-28,1,9.439498379785023e-24
5.524111209059753e-09,8.262241693853012e-28,9,1.996307344090057e-22
1.4633087612499043e-09,7.822242623914827e-28,9,2.5349200538747008e-21
3.5078181781295033e-09,7.090068275150079e-28,10,5.877952808067619e-22
9.174392973699883e-09,3.7027836182289834e-29,2,7.2207187445934e-23
3.1560570160027513e-09,3.0375554042497788e-28,4,2.8516645729403476e-22
2.304053848821008e-09,2.6377576859792313e-28,8,2.4461012334724276e-21
5.405074842498067e-09,3.6071228470479477e-28,7,2.62784155974095e-22
9.870854086995407e-09,8.84638682917511e-29,1,5.8809456330788045e-24
3.1784974436035035e-09,9.370145609903348e-28,5,1.325996706843047e-22
7.049219926652906e-09,5.542038186957353e-28,7,9.47318305214627e-23
7.854576537958459e-09,3.061493387784314e-28,4,4.899599218580634e-23
3.1387378959315974e-09,3.9752423370891664e-28,1,1.3625341993297518e-23
7.553947137506735e-09,4.477000582183813e-28,9,1.8792253251944106e-22
4.310048194473279e-09,6.009537984605929e-28,5,1.3028169369843982e-22
6.690752475342215e-09,5.16115316211571e-28,2,9.63577014583094e-24
6.701767396848052e-09,9.194645204385244e-28,8,8.649747426325126e-23
5.821972156672826e-09,4.974162157712151e-28,2,1.3203914842788406e-23
1.8126079304896749e-09,9.921650726099718e-28,3,1.527310532161645e-22
8.517722460303142e-09,8.515586752831252e-28,10,8.720351059577253e-23
3.887020584745623e-09,2.0922285489441426e-28,1,1.714400326762171e-23
2.6786665935986883e-09,9.306576789507367e-28,2,3.1115465849437895e-23
1.3669762739928754e-09,1.1716166812737918e-28,7,1.0925858198755378e-20
6.3180364886941756e-09,8.176140037535495e-28,10,1.7743762942851826e-22
7.098079256580542e-09,3.811807325124512e-28,2,1.152048870608528e-23
1.1492904603507054e-09,8.78084143556669e-28,6,1.703976853511393e-21
5.608837524693529e-09,8.681754390863536e-28,3,1.844499409723914e-23
3.038461976781442e-09,8.061000672575154e-28,4,1.1310294319598113e-22
6.806555113685048e-09,7.902194089143852e-28,8,9.113788536708877e-23
2.569297861044923e-09,3.053049278728526e-28,3,2.416003814219191e-22
7.218439642922193e-09,8.174645569650606e-29,10,1.376582873206531e-21
4.480618116704837e-09,4.0351749660427286e-28,6,2.296337411042783e-22
9.430569898630611e-09,1.7426834292302084e-28,1,3.075890591605874e-24
2.2376884973139393e-09,6.952256329224496e-28,7,7.523515780032475e-22
4.069597159452327e-09,3.466882367839016e-28,8,6.466816635016728e-22
2.021261691165302e-09,9.75632151679141e-28,8,8.048573711047512e-22
9.322242564507065e-09,6.412952024757213e-28,3,8.339670097494187e-24
8.896054180428829e-09,8.2264033112709e-28,10,8.540881622905922e-23
3.3214746494364e-09,1.3330540053638077e-28,1,4.211261578923509e-23
6.939856414307611e-09,8.621386692385773e-28,9,9.978989663260565e-23
8.354999801810943e-09,9.228267090419323e-28,6,2.852765398025506e-23
5.996807304395161e-09,4.875235630919989e-28,9,2.578484066139004e-22
5.766855205204058e-09,6.066073101070017e-28,7,1.413298933355649e-22
3.1766706181040655e-09,7.650214720821828e-28,1,6.887093711493021e-24
1.8379249102530928e-09,1.755812724958782e-28,1,8.502975345140033e-23
9.074941821579941e-09,5.030137669946254e-28,6,4.872760495680209e-23
9.103762514469975e-09,3.9920423104731807e-28,5,4.274399468850093e-23
6.697913115459411e-09,1.471422555693031e-28,9,7.333169516592132e-22
4.0512681194383064e-09,3.6810364131146913e-28,2,3.752892450701605e-23
4.142886171513948e-09,6.901095430704663e-29,8,3.0881398673941132e-21
7.533601109832155e-09,2.6688676233232454e-29,5,8.939222763792932e-22
9.073992339573194e-09,1.3594463949458343e-28,2,2.200620374738123e-23
8.983777818386056e-09,9.631483079887436e-28,10,6.919554644780153e-23
8.018879912718615e-09,5.499349593127116e-28,6,5.416148763549824e-23
6.7782848153885895e-09,9.658529212081821e-28,10,1.348613360751669e-22
1.7572596849554395e-09,4.330086302396349e-28,8,2.4332106240557827e-21
2.454658426851524e-09,3.124354985654829e-28,4,4.233584081804505e-22
9.086987696743714e-09,5.06586335163688e-28,2,5.2793095698927424e-24
6.457861536936309e-09,4.400161281131406e-28,5,7.476155355072443e-23
1.082773464549667e-09,1.0646958604590834e-28,2,1.738618739370921e-21
1.913243885794289e-09,6.411495710069851e-28,2,9.818514437543799e-23
6.971515921972502e-09,2.16743748145341e-28,6,1.790359668938759e-22
1.0455542546159682e-09,6.199303257384217e-28,10,8.124135980553194e-21
2.447272462757488e-09,6.505159114149951e-28,9,1.1204530547579002e-21
5.938604104299274e-09,1.5278803076083234e-28,4,1.5569941173895033e-22
7.2270567792342386e-09,6.219441244626856e-29,6,6.063248235694174e-22
6.867651335523404e-09,7.8095890064097835e-28,7,7.612084941269653e-23
3.0184237851450377e-09,4.602866033879279e-28,6,5.210772228473404e-22
7.409612992127822e-09,5.901144808952086e-29,8,1.1155212226987526e-21
3.1352417874712004e-09,9.948709374843144e-28,4,7.851855739255603e-23
3.928597283433409e-09,5.862855849146991e-29,1,6.053531957825326e-23
7.718422646062217e-09,6.953096971525805e-28,7,6.508229560846407e-23
6.846696091424931e-09,9.836936142306766e-28,3,1.1212712243702626e-23
8.643010694447602e-09,2.398648421221313e-28,6,1.1128139263048934e-22
6.91851603070309e-09,1.4302134425537772e-28,2,3.407590257871024e-23
6.1147774300192445e-09,1.221756929769487e-28,9,9.921647282477536e-22
1.8430729104528324e-09,3.0390219993478477e-28,1,5.730568988258351e-23
4.3094422275349014e-09,1.0185486978073713e-28,6,1.0215681574391993e-21
3.386821309135529e-09,6.924383964866073e-28,6,2.505428339267704e-22
3.195906790411752e-09,6.313573551174564e-29,5,2.215582232577322e-21
9.757094992772011e-09,5.09863648234455e-28,5,2.745748315538722e-23
4.537879522000843e-09,9.966998266845092e-28,1,2.5683182986139848e-24
9.02841899659402e-09,8.141376962634635e-28,10,8.00967597731376e-23
6.6802476339753655e-09,6.155657407366031e-28,5,4.807518339620534e-23
8.153301731874836e-09,3.0687799252790375e-28,2,1.1042079466942591e-23
5.5237338379467285e-09,6.242343300389761e-28,7,1.2823749065751558e-22
6.192134961637232e-09,5.274671265941312e-28,3,2.2522374714143535e-23
5.432659244369775e-09,4.265999088448702e-28,4,7.623792874285804e-23
2.7571868901824004e-09,1.314927374011333e-28,3,4.76203537033435e-22
7.502069037353548e-09,8.867062714467503e-28,3,9.996417392514309e-24
3.526951261967702e-09,4.502798426373834e-28,4,1.4509654866974482e-22
1.2188436978830846e-09,1.953473515601264e-28,5,4.750043739880364e-21
6.80925066316451e-09,3.6832836746150013e-28,1,3.0980446237505947e-24
2.59399611466344e-09,4.146570357516511e-28,4,2.901165639159871e-22
9.464127259176228e-09,8.27693111460864e-28,8,5.054443013518951e-23
9.585357193023287e-09,7.338541276188969e-28,10,8.620734997715591e-23
9.233779511984037e-09,7.695125192370627e-28,7,4.076674184885905e-23
4.331428302299e-09,1.1921336290661433e-29,9,2.086878552519734e-20
1.139109548759807e-09,4.166794595813998e-28,5,2.779127133423231e-21
9.354867063289528e-09,4.818109418988519e-28,10,1.350652349082371e-22
4.853657334855828e-09,2.0075003773915938e-29,4,1.90125933680545e-21
9.699893371393026e-09,2.6047937685716374e-28,8,1.4474166801636285e-22
9.672579793803276e-09,7.605055622813252e-28,9,6.450591543526941e-23
8.67708509920624e-09,1.3788630699384297e-28,7,2.543162487136163e-22
3.650040028626271e-09,5.357283523342844e-28,7,3.715602644827685e-22
4.4658795574173275e-09,2.1590819033242205e-28,5,3.258075898287138e-22
8.660230043651712e-09,1.300986594671377e-29,4,8.786110700962616e-22
3.8522980464064985e-09,2.4188437628770196e-28,10,1.5009205907242533e-21
2.5254347201748324e-09,9.758954685306349e-28,1,8.817602766548495e-24
6.011211362125151e-09,8.0171572848229505e-28,10,2.0034131593149325e-22
9.42539296744703e-09,9.596130253411444e-28,10,6.073060382873966e-23
7.264268170074756e-09,4.883149752868288e-28,7,1.0832146865948367e-22
6.130550530804284e-09,1.1053743609869376e-28,1,1.373332666401933e-23
1.874588443936917e-09,5.483663254336167e-28,1,2.959895804005867e-23
6.535065040292527e-09,4.548683949588569e-28,5,6.777899049373498e-23
9.910484650938369e-09,8.444971613651503e-28,9,4.9058452981984096e-23
2.260756137128716e-09,9.889430646153877e-29,6,4.01821003744183e-21
5.66496687127363e-09,4.887017199984587e-28,3,3.1789181301991735e-23
8.896357647351599e-09,1.5081362089575969e-28,3,4.3458961873708226e-23
7.666917559787839e-09,3.25283718555859e-28,7,1.3571550663453525e-22
7.273141668957411e-09,7.375934560181508e-28,6,5.2560955736761123e-23
7.322356755883983e-09,4.764897130523347e-28,9,1.8317445851427302e-22
4.235420360977796e-09,3.7644998568913818e-28,6,2.911720446371357e-22
3.6423265983804403e-09,3.9502124991932234e-28,5,2.672663512323993e-22
8.284250399306623e-09,4.599332663144213e-28,10,1.7718905885393602e-22
8.291020552112626e-09,7.852100289476037e-28,7,4.7775106276643166e-23
8.803650867220934e-09,8.921818127201882e-28,1,8.14751623688964e-25
9.219164973008242e-09,9.553748852860747e-28,7,3.580445233380019e-23
5.6020815897484395e-09,7.870951732076654e-28,3,2.0017984917340606e-23
5.513646652184796e-09,3.1602302954183957e-28,9,4.289123633618404e-22
8.184656610700976e-09,6.884153848510643e-28,6,4.137021039154541e-23
6.849675376999886e-09,4.381092812437421e-28,9,1.9702286686082334e-22
7.31770189531933e-09,2.5534141848620977e-28,5,1.068174926546555e-22
8.16213402492491e-09,8.410147950044394e-28,7,4.9829932557512964e-23
9.010048076358098e-09,3.929176524825891e-29,4,2.683863450929351e-22
4.0419564116638224e-09,9.018504063425017e-28,7,1.6957485509610757e-22
4.380246573759496e-09,4.619621349065719e-28,1,5.933842828102681e-24
1.845837458567821e-09,6.375279954791531e-28,7,1.1985219407225057e-21
6.204521268965565e-09,6.596605036757976e-28,8,1.3907026743142575e-22
1.3234804641706788e-09,8.952121347399004e-28,5,8.783003082771706e-22
5.190382163192141e-09,6.369966794532569e-28,2,1.365022418642827e-23
5.883801712368189e-09,6.142810445337778e-28,5,6.228295723651112e-23
3.5788712691545595e-09,6.749205372418535e-29,6,2.113144772779721e-21
6.317499345121096e-09,5.188414547254535e-28,2,9.987976969758399e-24
1.2745022494514448e-09,1.5093384871630634e-28,6,8.049269107502453e-21
1.3361336987429299e-09,7.376700783296363e-28,6,1.4455864895272797e-21
8.403405045936924e-09,5.1266092108394315e-28,1,1.4938040541028284e-24
4.241715772701366e-09,6.805155742070659e-28,1,4.3805438032547886e-24
2.143544613866963e-09,4.2535394991842124e-29,10,2.9470935671378955e-20
5.700189340493239e-09,8.5615703231362e-29,3,1.7234393960138158e-22
7.929941977887497e-09,7.165786970134259e-28,10,1.1949397185225737e-22
2.9423892474715884e-09,7.291946009627456e-29,10,9.00494765999695e-21
6.606014282371002e-09,7.209259671026987e-29,3,1.5256322110685965e-22
1.7681271849439121e-09,1.2997577607176053e-29,4,2.2067172510729492e-20
1.4651354905174692e-09,9.565405470410106e-28,2,1.0868314875766866e-22
5.782191684113331e-09,7.377446019354939e-28,9,1.815029249794491e-22
5.865716094490958e-09,3.5383348223441236e-28,10,4.25227924885905e-22
6.736869113483859e-09,2.971686992644964e-28,7,2.1164803897023127e-22
7.534822003503954e-09,3.5028849683907836e-28,7,1.502358938284668e-22
9.782668715162812e-09,7.748563430031189e-28,6,2.665510177785074e-23
5.646703134710757e-09,6.616753775204511e-28,3,2.2186686388846456e-23
3.906608256471213e-09,1.8592889185638723e-28,6,6.972836187930061e-22
8.156675752918333e-09,1.748526369322837e-28,8,3.168713775743193e-22
3.4374902613586675e-09,9.920709362865527e-29,8,2.9040759568588402e-21
4.950742786350725e-09,6.606084472536071e-28,9,2.7278103470785303e-22
1.7061074320803935e-09,7.645847268257365e-28,1,2.5079485538248876e-23
1.2281566907391177e-09,2.6570788653951156e-28,1,1.451704983365363e-22
9.663835732101326e-09,2.1826110565984992e-29,3,2.5171497127126265e-22
8.523821084609853e-09,8.299771297569856e-29,3,8.525408494718144e-23
7.263767854843282e-09,9.6788896081367e-28,10,1.0517590389313627e-22
4.680576499728429e-09,2.9607887717769066e-28,8,5.523787304465838e-22
2.559648880637612e-09,7.694308470050794e-28,10,1.04935997349131e-21
2.4079333840397745e-09,6.25001371642295e-28,1,1.5784652680063166e-23
3.2521860834813576e-09,3.8249589397720838e-28,2,5.738652551469235e-23
5.943039982355084e-09,2.0640214365957917e-28,2,3.094592470723361e-23
7.4313633043005605e-09,1.2217717038306298e-28,3,7.1859653676609e-23
6.941776390459581e-09,6.153594563676317e-28,6,6.594895064180963e-23
3.5194050725134856e-09,7.748366102352141e-28,1,6.234903283423414e-24
9.593787525968748e-09,6.442247397129437e-28,2,3.637318483785451e-24
7.641072250261916e-09,5.307248613292342e-28,1,1.8640862862821343e-24
5.989186472602606e-09,4.28134673305478e-29,5,9.08538415259111e-22
6.505486716109169e-09,9.685171376945488e-28,7,6.451107502633011e-23
4.776400561850109e-09,7.988953488820855e-28,8,1.7975629162570947e-22
3.229578905510417e-09,2.934584968679339e-28,10,1.8119837179125457e-21
4.203754107861354e-09,9.799883560624277e-28,1,3.183466508467981e-24
7.820614994179323e-09,6.022398962056495e-28,7,7.960190797147262e-23
1.129541397667803e-09,5.8279847781486e-28,5,1.7658220366508755e-21
2.044653764562246e-09,7.482999135680456e-28,10,1.955598957922716e-21
1.4140237781957747e-09,8.119391952808564e-28,1,3.444561757358494e-23
1.3665592208707314e-09,6.567877765849044e-28,3,4.1030851375077246e-22
8.699145256099066e-09,1.2888046019447045e-28,7,2.6754984543524713e-22
7.3329207344202126e-09,3.3886306523910342e-28,10,3.059316494768054e-22
5.267564461785926e-09,9.281483650497563e-28,1,2.1814111116774818e-24
1.8805074458590133e-09,2.253134577931925e-28,7,3.533231966079267e-21
5.4245428760514905e-09,3.7273207351605963e-28,5,1.189755847485831e-22
5.261245937025091e-09,4.325880137495463e-28,1,4.9055956817410875e-24
2.5588168291901366e-09,4.399095252037272e-28,1,1.9398059207416194e-23
4.904664843141757e-09,6.132879368702805e-28,1,3.833095610777209e-24
4.586542609576361e-09,9.431270694907374e-28,9,2.215856430525589e-22
6.542650882469947e-09,2.4137608839185573e-28,3,4.55854070205084e-23
6.715842857808793e-09,1.2229202506224725e-28,5,2.4965439942002354e-22
1.4077360879484007e-09,1.9819276641906338e-28,10,1.4103923044668642e-20
4.3715135316382404e-09,8.870266677990811e-28,9,2.4407866149966665e-22
6.632739241428127e-09,6.461295829238165e-28,6,7.226237287473227e-23
5.5282263272207886e-09,2.8654947312884496e-28,9,5.329092601761802e-22
8.7084085706949e-09,8.161125867235456e-28,8,5.468064820561744e-23
6.9282426845705046e-09,8.61494763366709e-28,8,8.05954030340003e-23
2.4664098437328672e-09,8.466524757854569e-28,1,1.0494393388355801e-23
1.6351187266038685e-09,9.18999499759279e-28,9,1.8113892942265787e-21
6.78177350385684e-09,2.529140032552056e-28,6,1.676063668153961e-22
1.2386017948745964e-09,7.552623910104067e-28,9,3.82490795936655e-21
6.2719802314611696e-09,4.610250117265933e-28,3,2.7536809820607203e-23
9.46207217282462e-09,8.421407541924605e-28,3,6.102820477591302e-24
6.17926760088291e-09,7.287350355521678e-28,6,6.655425885493501e-23
4.493529335858697e-09,7.7664864379787495e-28,9,2.4488592963009773e-22
6.789593965981178e-09,6.564712920271586e-28,7,9.304954911654349e-23
5.12427601442365e-09,1.7816908357718416e-28,3,1.0565686751964605e-22
5.910551103843414e-09,5.454363946699312e-28,3,2.727986912416503e-23
9.473183278988726e-09,9.846835367589363e-28,2,2.3429190536571732e-24
4.474923740206968e-09,9.374444172372715e-28,9,2.370936714720589e-22
9.650715074415228e-09,4.403487943479436e-29,3,1.217275286151472e-22
9.148155777604573e-09,1.6556648239528065e-28,5,9.623853377183658e-23
2.762120213103668e-09,1.3251021755845282e-28,9,4.055629300942624e-21
1.6242517078764892e-09,7.2622652806630885e-28,8,1.9932881782804616e-21
1.90700201239684e-09,8.179493230600739e-28,2,7.896281032149032e-23
1.1639964308639477e-09,2.1421920608099234e-28,3,1.6692797017728903e-21
1.8499866468033555e-09,5.062974255281724e-28,2,1.2992108589884817e-22
7.147060960747211e-09,8.4084639528599e-28,8,7.979462252563366e-23
1.6406978361420609e-09,7.33042023375961e-28,6,9.51408757952442e-22
3.870780672643852e-09,5.426491920069057e-28,6,2.6520245504039847e-22
8.603877798725091e-09,5.907163775373601e-28,9,9.324350702357607e-23
1.2094474216224328e-09,5.088030224240554e-28,8,4.651939599448864e-21
8.330216343300422e-09,2.981806577126337e-28,4,4.261644752367176e-23
3.5366929729605993e-09,5.654134730654431e-28,4,1.3441071531859254e-22
2.063483448594906e-09,6.891653052782457e-28,9,1.582803871485803e-21
7.2706344882773555e-09,8.73436925236533e-28,1,1.0892437113603473e-24
6.660485621018955e-09,6.3661869176066685e-28,2,7.77197083947654e-24
8.897248121743476e-09,7.613365276598193e-28,2,3.646288835946293e-24
7.615639394234972e-09,1.608275704831139e-28,6,2.0939412974301904e-22
8.231328373463637e-09,4.620420726928122e-28,4,2.8918470612061714e-23
3.5383111531417584e-09,1.0223221369248914e-29,10,3.985772638598857e-20
2.5969558940175056e-09,2.4735685354355362e-28,3,2.900321659426122e-22
7.755532764767724e-09,7.267078995694033e-28,3,1.1570612060738655e-23
8.261512653405376e-09,9.918173223931492e-28,3,7.544411618702074e-24
9.91454627800606e-09,9.998883929758742e-29,6,2.0251626058096014e-22
4.7135590922028385e-09,4.020329709770132e-28,8,3.875560458456034e-22
4.348162772135048e-09,8.0025090482733035e-28,7,1.766721355057388e-22
7.987716646677971e-09,2.0475200255773286e-28,4,6.970370724346469e-23
4.067231862277161e-09,5.554853728479143e-28,4,9.572096930793674e-23
9.376815930432083e-09,7.333115318632482e-28,10,8.068425465093454e-23
8.725714766587106e-09,6.1633106335494496e-28,2,4.38954317526817e-24
4.8609462463751646e-09,1.8875551235426227e-28,1,1.1388478896292539e-23
7.757839610123476e-09,3.559647225739223e-28,9,2.226018748626425e-22
7.790885866762141e-09,7.839863718793605e-28,2,4.7994224271807925e-24
1.9281148195233933e-09,5.546277102692979e-28,8,1.694400862071097e-21
9.1229761601161e-09,6.124906890724116e-30,9,8.522500380235084e-21
5.547271352030714e-09,7.612058683440686e-28,4,3.641128947217755e-23
8.438117194969675e-09,3.617957472079286e-29,8,1.4380060770454537e-21
3.880446409275505e-09,7.459626223267741e-28,9,4.334396869593879e-22
9.059709056465805e-09,2.0319832766108874e-28,10,3.1909825584171606e-22
4.502815108607468e-09,9.581112139872728e-28,10,2.985935033134405e-22
1.0975388633226853e-09,3.6850960462591266e-28,5,3.0951472945594516e-21
9.148437787773373e-09,3.275373778833749e-28,7,9.705678423956665e-23
1.821580091075202e-09,1.496540510871455e-28,10,1.1883124181443337e-20
3.873822738313734e-09,3.062291716962737e-28,4,1.9098321717041364e-22
9.550557703457245e-09,8.767617761425552e-28,1,6.964200324824586e-25
9.555464322438005e-09,9.963376367233828e-28,3,5.4968320349752864e-24
6.160940993109575e-09,3.6887805192939225e-28,5,9.002608246802275e-23
6.686534909528193e-09,4.491068813866836e-28,3,2.4953454724517455e-23
5.036009697804878e-09,7.223210743583547e-28,7,1.4266612673748555e-22
3.6388969452825805e-09,8.86298204262656e-28,9,3.51865322587345e-22
3.957980908329243e-09,5.934105942860161e-28,6,2.0703542690820675e-22
7.052666104693346e-09,3.9207332504946935e-28,10,2.7402294398053105e-22
7.77137076493912e-09,4.131504811918601e-28,1,2.312732491293999e-24
8.124211393532637e-09,6.958920901649599e-28,7,5.543408654416736e-23
8.106563285150986e-09,4.115367167034831e-30,3,1.7542167611593844e-21
1.8208549274382132e-09,6.1993170705612695e-28,5,6.753813840898021e-22
5.449782742323233e-09,3.560730667319602e-28,10,4.845479083892377e-22
1.5180288401497985e-09,7.94382553678935e-28,4,4.63875130336442e-22
5.945759940913619e-09,9.380694824729135e-29,10,1.5171748532916134e-21
4.9737745123603925e-09,5.88572884908137e-28,5,9.856473698626414e-23
8.989337644824698e-09,4.814400142852263e-28,5,3.473527087721691e-23
4.1582351129687084e-09,6.4264743293191275e-28,6,1.7765929058844282e-22
2.0536031478484526e-09,6.569522624793368e-29,10,2.0715912513889396e-20
2.2869251384755226e-09,5.803618020194461e-28,10,1.742790875100156e-21
7.85359568545725e-09,5.618792518303602e-28,6,5.611983558299203e-23
6.563962569846349e-09,5.610555003311965e-28,8,1.3762527494998153e-22
1.910104085105112e-09,6.038445276965181e-28,8,1.509896336967761e-21
1.756961255034977e-09,6.767591160828586e-28,9,2.029942396667746e-21
7.3087221831320794e-09,8.051645095810571e-28,8,7.965377229862938e-23
1.6548670572777418e-09,2.70477881480099e-28,2,2.906611111252068e-22
8.396740533613206e-09,8.252068657109001e-28,10,9.568867589753195e-23
7.356180044408465e-09,4.9870725214941655e-28,1,1.9430085958627875e-24
1.732139025777098e-09,7.788892668311028e-29,10,2.3859795469168556e-20
1.7635394267667272e-09,5.939823340765962e-29,2,1.2171502361177476e-21
9.87975620651058e-09,3.348375042092344e-28,2,6.5595822900477154e-24
4.368437161805083e-09,7.850905698320673e-28,3,3.1641494424685424e-23
4.335779323602018e-09,7.07944021899649e-28,10,4.14125871097535e-22
8.315196105317522e-09,7.888052112042014e-28,7,4.880615409154708e-23
9.525237196454729e-09,5.17703514290812e-28,2,4.7250680103886955e-24
9.874009574405838e-09,4.407028188573307e-28,1,1.3775476039771225e-24
7.780403667330474e-09,1.4821981943224831e-28,6,2.2095402431922405e-22
4.386336269778242e-09,3.287973801310632e-28,9,6.80248376426502e-22
1.751506450288019e-09,4.345287487443188e-28,3,3.54024287843148e-22
7.994322243346931e-09,8.942068929290559e-29,6,3.309878933774938e-22
6.025638247622245e-09,2.213134019537712e-28,3,5.697255371418785e-23
4.817998083222786e-09,5.985868912990815e-28,1,4.1338792110950575e-24
9.157189465852624e-09,7.359010174363746e-28,5,1.9751294673204174e-23
2.000777340755362e-09,9.98348998632696e-28,10,1.4067403878526168e-21
5.433625938617732e-09,9.331735293453485e-28,4,3.048801114620301e-23
1.1021828029067717e-09,6.428868908556099e-28,7,3.3550930205978326e-21
5.217945777947136e-09,4.217689300461074e-28,6,1.6432361899794564e-22
1.5067294811365362e-09,6.365048050799954e-28,10,4.072521434611439e-21
2.069361246412647e-09,7.858445316239599e-28,7,7.997661845925108e-22
2.057736220993944e-09,1.1912968835155627e-28,5,2.827450895343109e-21
6.8428927190445715e-09,4.1043597529556165e-28,4,4.8660606945981466e-23
7.71440391338881e-09,8.399464635785453e-28,7,5.42370032859145e-23
6.2503188858744365e-09,3.8438750227630434e-28,7,1.683733987898223e-22
9.659552936270877e-09,5.722575861830822e-28,6,3.6593263192383247e-23
4.373835215713337e-09,5.881403684374223e-28,8,3.005881228387893e-22
3.5714087765367463e-09,1.852102245058191e-28,4,3.6234689068290537e-22
8.817392153705143e-09,3.6280942975480137e-28,10,1.9364379579582344e-22
3.0123625466750736e-09,3.351102285820645e-28,5,4.481639826326834e-22
9.669002854965503e-09,2.707313149438594e-29,4,3.5407728907470713e-22
1.109390272208347e-09,2.5069991303853027e-29,1,1.828249025190919e-21
9.728909440368751e-09,8.318485163364653e-28,8,4.431050906659339e-23
1.388439207555185e-09,2.737250462438369e-28,1,1.0610303605800291e-22
9.02028802328264e-09,5.185124953492005e-28,5,3.1627578853044833e-23
5.7493099817766985e-09,2.993567205725432e-28,6,2.127918379145374e-22
9.936683165073703e-09,9.407326337947368e-28,6,2.0668958910751883e-23
1.6641690826185898e-09,2.599633917827946e-28,5,2.0197760224168125e-21
5.984688559611887e-09,4.301701216074701e-28,3,2.96923405573426e-23
9.72372282057189e-09,8.728447932591658e-28,5,1.63087211204162e-23
5.707880597531339e-09,8.42075826581696e-28,8,1.2590815296781444e-22
6.664587743217363e-09,1.8683392657021569e-28,2,2.682230555987528e-23
7.261738200861554e-09,8.028209308168943e-28,6,4.867958219667965e-23
5.0908695829099585e-09,4.586745185398286e-28,9,3.5059346665251453e-22
6.6480227207565705e-09,4.834342001004785e-28,8,1.552844670675734e-22
6.258828807307902e-09,1.3425984044076945e-28,8,6.210236908706448e-22
9.1104220944189e-09,8.142897239474325e-29,8,5.5399653838993735e-22
1.409017423073121e-09,7.281841615974889e-28,7,1.8878131042281238e-21
3.5286687063300732e-09,4.9691433731818e-28,8,5.368952150147125e-22
9.553703356689029e-09,4.37357536982826e-28,6,4.839657035167508e-23
9.012374055018248e-09,7.2975167124660965e-28,2,3.922478967412079e-24
5.100910775071416e-09,7.6572393738201785e-28,2,1.086507475488703e-23
6.58119338021383e-09,1.5966515031845116e-28,8,4.993421598513109e-22
3.4964306468301937e-09,6.105759468431115e-28,1,7.065235299485527e-24
2.6930904375138517e-09,1.3613226360363561e-28,6,1.8985130895069457e-21
5.173285644459839e-09,7.515988484516196e-28,6,1.0403264928924561e-22
4.180170052234475e-09,6.572638966264992e-28,4,8.285552617831731e-23
6.252905006657848e-09,9.566536679244828e-28,10,1.3949722325732392e-22
1.6996117326848636e-09,6.979595414170041e-29,3,2.621917113356219e-21
9.769553268995498e-09,5.790337190221819e-29,3,8.719602709341709e-23
9.875896700316427e-09,2.8283310632597634e-28,1,2.0425602139770504e-24
7.283455426177706e-09,2.623701486205437e-28,3,3.798973246110159e-23
5.824867297097083e-09,2.476565181528351e-28,4,1.0374291356045312e-22
3.78574854657695e-09,9.063389513985679e-28,5,1.0389334023767609e-22
8.324155177362539e-09,2.502216082696416e-28,3,2.9628887406592994e-23
7.162580552984913e-09,2.726049713751153e-28,6,1.3343040650293945e-22
2.4635524541040217e-09,7.596148039817877e-28,5,3.1467704496226026e-22
9.198344660444582e-09,4.5023507659233455e-28,3,1.3058579732607888e-23
8.402835186308521e-09,7.769115174539217e-28,6,3.497605757201588e-23
9.548199219627316e-09,6.62073280225773e-29,6,3.1743440431818575e-22
7.53147557549524e-09,4.880323795990783e-28,8,1.1810333956381543e-22
6.520736763422109e-09,3.448334794311768e-29,2,1.4570604189085768e-22
4.764187326615569e-09,6.349681557224471e-29,1,3.757688513205096e-23
9.39455635018612e-09,9.06521659636401e-28,4,1.0392777634004418e-23
8.794575005503675e-09,1.4002005028358934e-28,7,2.4774781047034975e-22
1.4069680309557047e-09,5.3284150366116945e-28,10,5.3260507393372175e-21
1.2373027704752682e-09,4.11625616558366e-28,3,7.754428781416636e-22
4.388170301902447e-09,3.479307172652098e-28,3,7.616623327899415e-23
8.294979977036496e-09,8.99923495676154e-28,5,2.1263536933302994e-23
9.8854851638345e-09,2.2703755718391562e-29,5,6.49422975591029e-22
2.3537520199317534e-09,6.640922754580311e-28,10,1.5007535574996206e-21
6.347176438169216e-09,9.634273792227583e-28,3,1.3709011535367625e-23
4.4280177096791934e-09,5.605640320967263e-28,9,4.5326976072717175e-22
9.72922958033143e-09,9.36879321817262e-28,4,9.668705419365558e-24
8.579070308221379e-09,5.311084719466635e-29,3,1.2364669202184827e-22
8.54495834240024e-09,4.1931640508699475e-28,2,7.081741017695568e-24
5.218238438154732e-09,2.6082364895018536e-28,10,7.957449210370712e-22
4.733375521038986e-09,7.310632261122472e-28,9,2.8939367096966005e-22
3.460663647376356e-09,9.813139231157992e-28,4,7.227752073723035e-23
1.5073794698583442e-09,2.5719918538804804e-28,3,8.61292169679624e-22
8.78250138629548e-09,6.544858443327479e-28,7,5.29078045677912e-23
8.316109082170697e-09,1.9881934489025638e-28,8,2.633430677599754e-22
9.997459059575175e-09,5.657214573424955e-28,2,4.175414627016409e-24
9.969731533665149e-09,4.644149474503168e-28,7,5.75565515301889e-23
5.998885350423647e-09,9.720305248348687e-28,5,3.594815934851224e-23
7.920886736624595e-09,6.088795981510398e-28,5,3.7251477382738416e-23
9.502891568941852e-09,3.500918163519407e-28,3,1.497276130341891e-23
8.646826516096704e-09,1.1489309868153425e-28,5,1.5857537805166438e-22
3.2261329156887786e-09,1.5201070658907313e-28,2,1.442134736183364e-22
5.054897217790842e-09,2.26014144714279e-28,4,1.54309292747156e-22
2.1624347363634547e-09,2.516407913450918e-28,6,1.6704868214864173e-21
9.586459245328501e-09,8.507505033890809e-28,1,6.817336247817106e-25
6.45557171005792e-09,5.616176877730707e-28,10,2.0048444732628608e-22
3.057785249531164e-09,5.2381985955412955e-28,4,1.855458522638912e-22
7.04530615965271e-09,1.1556557988453518e-28,6,3.4007015676884313e-22
6.563154164121062e-09,8.602655676254204e-28,9,1.2904081849115297e-22
4.223464462295564e-09,7.230637703355962e-28,2,1.7359050312500504e-23
2.022018329796661e-09,6.850746037429159e-29,7,9.341095918039222e-21
7.044158760335196e-09,7.08098045642262e-28,6,5.923016294666964e-23
5.68276930813414e-09,5.439490329470378e-28,2,1.3216223317944113e-23
7.950865525620754e-09,8.255179293560616e-29,8,6.656780979716513e-22
5.68147151000794e-09,4.587881709512807e-28,7,1.9242430678167987e-22
8.66963350286686e-09,4.8516006047163e-28,5,3.658024696716957e-23
5.967161548970369e-09,1.6652534307712883e-28,5,2.3323788592955276e-22
6.048441743818476e-09,9.45747018667982e-28,7,7.994479573300236e-23
8.889882423925105e-09,8.501103936463293e-28,9,6.876306081727102e-23
4.6313457959115734e-09,6.6932021722551225e-28,9,3.192636301719082e-22
2.206137056055767e-09,4.627794949957068e-28,9,1.9408130171073842e-21
1.2590440868200508e-09,4.122949525970825e-28,6,3.1882869386822307e-21
7.796235301062571e-09,6.512875910305184e-28,10,1.377745645116089e-22
6.582785962181181e-09,5.458409807244393e-28,6,8.115280021265682e-23
7.336717912893012e-09,6.311706008659193e-29,3,1.413536133383618e-22
2.916677453580197e-09,5.129413963864384e-28,1,1.3796976067114586e-23
2.227343280280928e-09,8.0657785397733e-28,7,6.471114833216522e-22
1.1309019910109374e-09,4.597265617071209e-28,4,1.5899063425924689e-21
4.155288029259372e-09,5.280981663446957e-29,1,5.677030355979152e-23
6.3092591816916975e-09,7.864705490045876e-28,8,1.149292070434412e-22
4.5301964058975906e-09,2.0208255473205202e-28,6,4.834653218492596e-22
4.9372742982135616e-09,2.592880761366396e-28,6,3.379230792915182e-22
9.137428250443735e-09,1.6545811771420685e-28,2,1.537086081017732e-23
4.134299203209703e-09,3.3081787131311326e-28,1,9.254114571294019e-24
5.625905402438297e-09,7.569704293335154e-28,2,9.109214092877451e-24
8.052877114670288e-09,5.198184122303839e-28,4,2.821713900042108e-23
4.568885040891431e-09,2.0559688100397696e-28,2,4.88887018355287e-23
6.598780302050861e-09,8.77940031081704e-28,1,1.2497931855076723e-24
8.761273378720707e-09,8.796902312820729e-28,7,3.994384111974103e-23
9.54568561291878e-09,8.706949044634655e-28,8,4.6373078854383903e-23
2.3236613283613417e-09,2.3948129479129596e-28,6,1.450491654994622e-21
9.33928862645345e-09,4.517332287712253e-28,4,2.3230866656275625e-23
5.429046637715844e-09,9.850031654503483e-28,6,6.452704707302896e-23
3.324199494690625e-09,7.722176650813115e-28,3,5.745879247889092e-23
5.132221806144351e-09,2.8042970546456815e-29,8,4.934139649571714e-21
9.820293177569294e-09,6.604590712835761e-29,10,8.104842343491735e-22
5.433562845935826e-09,4.644138385732017e-28,2,1.6155903675908724e-23
3.958764492587574e-09,9.093019076762848e-28,5,1.0212854482913242e-22
6.7006076888505316e-09,5.391169663345568e-28,1,2.3210366331319225e-24
3.1613105690037374e-09,4.982644767770595e-28,6,3.824663679921677e-22
1.6827699529779753e-09,1.0627877362666962e-28,2,7.848242920448619e-22
2.159917497195843e-09,6.570890026300423e-28,4,2.958762186660739e-22
2.152412550619952e-09,8.222632677556853e-28,6,4.703912261529432e-22
2.367124241610649e-09,3.809776295008056e-28,10,2.681965209522678e-21
2.249444553844691e-09,7.758138002594948e-28,8,8.691726390554418e-22
6.767872703228931e-09,9.645086249123009e-28,8,8.028585783054577e-23
2.6369207595923035e-09,2.044830693144742e-28,6,1.4595798346849976e-21
4.111005549914769e-09,5.237586345266661e-28,4,9.647464112600322e-23
9.071095689154107e-09,2.877795339222995e-28,8,1.3612347133742326e-22
5.265654762365851e-09,7.93040850056709e-28,8,1.717600608279336e-22
7.008019646689244e-09,5.779735318518645e-28,10,2.0459886970068266e-22
2.5508788408146683e-09,6.349112933745086e-28,1,1.3226059480639707e-23
2.730601169278037e-09,7.9809603687223985e-28,4,1.5385714927804305e-22
1.3678175463983098e-09,3.9651409923705875e-28,4,1.1617988720483745e-21
2.520415567649481e-09,9.151664873454769e-28,7,4.648087865657848e-22
3.5073130512876275e-09,5.334491412656185e-28,7,4.0684739483760686e-22
2.593094358490721e-09,1.587126634947962e-28,8,3.2370656136940855e-21
1.7983228038135004e-09,6.9617280896245065e-28,5,6.203583358301196e-22
2.0857228399054073e-09,7.9344741522286005e-28,7,7.32024613000998e-22
5.147008912294532e-09,3.1737659155816595e-28,8,4.1249591750913735e-22
2.8570034656521326e-09,8.57307795667454e-28,9,6.452447602180033e-22
4.278428749432679e-09,9.062277258364772e-28,3,3.2511985840328763e-23
5.530755437693711e-09,2.7755527333916897e-28,3,5.478017050969647e-23
7.2135534576642875e-09,9.835363033897784e-28,4,1.760403471518151e-23
1.3538092585698905e-09,1.4148488767351454e-28,5,5.4576971239890414e-21
8.194693590181384e-09,2.0273385430092778e-28,10,3.652895017483131e-22
6.65110350541817e-09,1.8495903688271193e-28,1,6.84515730821426e-24
1.7358312875398471e-09,8.940851192688634e-28,7,1.0421510949999254e-21
8.862207616960995e-09,6.546036890278695e-28,9,8.901080601711296e-23
9.28785160478632e-09,1.5286738936737284e-28,8,2.652347172737816e-22
1.5497016386937739e-09,4.4082712729181755e-28,5,1.317571450838942e-21
3.4918988333248337e-09,6.156442568472393e-28,4,1.179672552755374e-22
8.255811518137552e-09,8.428896731289286e-29,7,4.285476323025028e-22
7.734337213452925e-09,8.825221936757721e-28,5,2.624025053047486e-23
2.660689174207396e-09,8.037802922596379e-28,7,4.6392484002282865e-22
2.884143910030393e-09,5.056520874804193e-28,1,1.2587955648790011e-23
4.334248925122438e-09,9.671562013054371e-28,1,3.395940455035478e-24
5.360706866719191e-09,4.182849943937522e-28,10,4.851634337775432e-22
6.564292943772663e-09,9.84124619749365e-28,3,1.0977816608073618e-23
4.3202227561279515e-09,6.682188708047039e-28,2,1.790662220400459e-23
5.162812445198331e-09,6.35000069108013e-28,2,1.3915388985795973e-23
7.727238443203809e-09,1.6670553589001881e-28,7,2.499484526063358e-22
1.3301488260153812e-09,8.820340233221699e-28,10,3.530243985295446e-21
3.2719324990961863e-09,4.280049472014866e-28,2,4.8207042215441645e-23
7.420146272960971e-09,1.6298739571727513e-28,4,9.161502261935627e-23
9.056861539184795e-09,1.349617320778086e-29,2,2.0206010030238387e-22
5.605096979040995e-09,5.601519035231081e-28,6,1.1853298447750913e-22
5.78902136738784e-09,5.27824962462766e-28,8,2.1353683842083063e-22
1.9645481020579844e-09,7.196062041090264e-28,10,1.951429770196759e-21
5.0267113014110914e-09,8.903568207700861e-28,4,4.391312579656671e-23
5.793555398095208e-09,8.02351187168508e-29,5,4.570344258978025e-22
3.1822345327125666e-09,7.317381434990561e-28,4,1.2061159529681608e-22
3.423189078544429e-09,1.8814327334789442e-28,3,2.0821398748889687e-22
4.395557467941603e-09,8.583046938093226e-28,5,8.310871306685024e-23
1.1806407799995373e-09,8.192263566991806e-28,9,3.791264284500671e-21
3.898712490248604e-09,5.412070406060575e-28,8,4.377898917815221e-22
2.9030320629689015e-09,7.1050358010455066e-28,8,5.828652368303571e-22
3.947476169601232e-09,3.149671980818831e-28,8,6.860894966586968e-22
2.077859186373261e-09,4.716438478237752e-28,8,1.659297088847458e-21
9.014745526659055e-09,8.217974245025323e-28,7,4.4157428354102257e-23
6.342332081986437e-09,4.597518584957581e-28,8,1.9413612467237407e-22
7.111920872300406e-09,3.5837624688664896e-28,8,1.772799292256791e-22
8.102541147466045e-09,4.946676560477747e-28,8,1.1113337880324722e-22
5.485979790361515e-09,8.284038281100248e-28,10,2.1798344371307306e-22
1.7822825927868132e-09,3.35806360128239e-28,7,2.521598883388256e-21
5.833958876366929e-09,1.7450520770192163e-28,1,9.619120149953584e-24
6.2815700621879114e-09,7.122732077124832e-28,4,3.309185843824551e-23
7.70895526765897e-09,8.261348323166445e-28,4,1.7117445201234e-23
4.884935916067114e-09,1.0144690479286216e-28,5,5.65925451014301e-22
2.148222725160074e-09,2.4055822605446444e-28,10,4.808611427881626e-21
3.55398315218852e-09,1.4274421497020902e-28,6,1.1285125525110153e-21
4.267740667587716e-09,3.4852826431174275e-28,4,1.367206314312784e-22
6.813255171984411e-09,4.508456630243979e-28,2,1.0504601494978354e-23
6.1370047420202065e-09,7.490523932600396e-28,6,6.908606493910361e-23
4.2048705330806165e-09,6.514615520552807e-28,8,3.0331752811805115e-22
9.878637239136817e-09,6.212697317677006e-28,8,6.287103163542562e-23
6.451973374211984e-09,3.5295780915770577e-28,7,2.0490340843728604e-22
3.1350411256239505e-09,8.415902502869836e-28,6,2.433602288010336e-22
1.9160422535836337e-09,4.717630089475063e-28,2,1.2611645492641756e-22
2.3757322526589885e-09,9.791237435709408e-28,7,4.477920540099327e-22
3.2136195554605734e-09,6.344714103712708e-28,5,2.0143119646154413e-22
2.4461323593360013e-09,1.2705110329709468e-28,6,2.582411407827779e-21
2.679103216461752e-09,6.764690022695662e-28,10,1.0898920967744485e-21
3.565856518244624e-09,3.257114218178105e-28,8,8.222263020126383e-22
2.5603623576527933e-09,6.8660950220908e-28,8,8.418176318303662e-22
9.070888821637827e-09,7.047847112905958e-29,3,8.529688158825712e-23
1.72210371095478e-09,1.7562404388250104e-28,7,5.193677255126246e-21
5.720602506132291e-09,8.558670953727711e-28,1,1.8933891985877886e-24
4.693571442906953e-09,2.2787509542219376e-28,1,1.1576144909231547e-23
9.841407552177457e-09,8.371877882302215e-28,7,3.281255428355119e-23
2.008350119512471e-09,2.799247399748015e-28,10,4.734145887987252e-21
4.580700391411674e-09,6.432033163396549e-28,9,3.033450898183761e-22
9.72523389947832e-09,6.944258379936722e-28,7,4.081909086359517e-23
8.789564133045822e-09,5.130933638672225e-28,10,1.3462776948617736e-22
8.353648638543518e-09,3.0593589708770428e-28,5,6.967873339790555e-23
3.3211254434044587e-09,2.1335299643236218e-28,8,1.6301700039321305e-21
2.5379882865105922e-09,3.405948414332004e-29,2,9.388081513886561e-22
7.0177889793198785e-09,3.0457284947960722e-28,9,2.797291688287354e-22
9.364383902148273e-09,6.534749440198049e-28,6,3.4001272684565406e-23
6.0108660371253675e-09,9.383603441118791e-28,9,1.2576843563679437e-22
6.144514205229098e-09,8.713203982290153e-28,2,6.745664551641776e-24
3.5198118429425577e-09,7.662753182364209e-28,3,5.1178759582307406e-23
7.925436398727432e-09,7.8863774064437085e-28,8,7.189976548780597e-23
2.68339373701771e-09,6.65286417062867e-28,1,1.2038340092015709e-23
3.9131131276381926e-09,2.6095259939419364e-28,10,1.300375583969309e-21
4.828927947547751e-09,9.072785551781946e-28,7,1.334339393882377e-22
5.5684934081600945e-09,6.710286528251189e-28,7,1.2453280093658193e-22
3.1816875917357217e-09,5.6083623441255765e-28,1,1.0704956967221697e-23
2.0335314226528317e-09,1.1178957869118894e-28,9,1.039559363316152e-20
6.495580381974693e-09,4.475531938169997e-28,8,1.8495198038323058e-22
3.597674979162302e-09,4.608439487578446e-28,4,1.4011980283071474e-22
6.23114399280351e-09,8.646855022740997e-28,10,1.5402724749105559e-22
2.3892644374678207e-09,5.470562367896196e-28,5,4.585319721026825e-22
5.330260916693357e-09,3.8095818847633635e-28,2,2.0251030311335e-23
5.793304892964273e-09,9.768212082149999e-28,9,1.418774767108238e-22
1.4664118314018422e-09,1.11520944792322e-28,6,9.146647075128048e-21
4.029438503745285e-09,4.23068134726464e-28,3,6.913625352887802e-23
2.2097320924507682e-09,4.2886852963751025e-29,7,1.2051630425047744e-20
1.5703747342549097e-09,7.401382070582402e-28,9,2.458946387149804e-21
9.909642091509508e-09,9.181502833021715e-28,3,5.791720919008708e-24
3.901184604772507e-09,2.8068529595389406e-28,2,4.897244759212712e-23
8.288870012691714e-09,8.584691692900016e-28,7,4.567241831495371e-23
3.2917658928738742e-09,2.928552340544821e-28,7,9.054879876318211e-22
7.1335245000153626e-09,9.108504684984358e-28,4,1.73979377674977e-23
7.842050739007179e-09,7.541833378835469e-28,9,9.697301507527972e-23
6.360748665470598e-09,8.0508236074228145e-28,8,1.0491940112115006e-22
5.244185696951425e-09,1.889034970041409e-29,1,1.0629519748661818e-22
4.706568227325417e-09,9.628438277526593e-28,1,2.6644224450305284e-24
4.139814398886958e-09,7.2691698817746005e-28,5,1.1134841548173698e-22
9.365762298230434e-09,3.0537681940028585e-28,6,7.003128986873146e-23
8.475574670089562e-09,8.29548209660474e-28,3,8.080932955928929e-24
9.685242195998613e-09,2.8216782933635657e-28,9,1.7992924049766223e-22
2.1186750113699024e-09,8.728683611105184e-28,10,1.423735184718328e-21
7.577807276832798e-09,1.1337906806056627e-28,6,3.162124371124933e-22
9.44506411138934e-09,7.039526600810811e-28,4,1.4157616533145865e-23
2.631097595490941e-09,5.4111184801593e-28,7,7.469315947550567e-22
1.5984664063009975e-09,9.734758917226493e-29,8,1.3841440177701477e-20
7.670085843610531e-09,2.4257612381340605e-28,9,2.9954637751220746e-22
6.1702580186192064e-09,1.3292872644665207e-29,6,4.0529736529387516e-21
8.576458990824449e-09,4.692460742955878e-28,6,6.046769569901456e-23
2.2579513896366053e-09,3.018941220253164e-28,8,2.1776934021579224e-21
8.157405806739011e-09,5.987189625618909e-28,5,3.3446050372548285e-23
2.8146458804297007e-09,2.9787029368167947e-28,3,2.0760169870355674e-22
2.4729034857913407e-09,3.0054918430662846e-28,3,2.9050717615377986e-22
2.4783921813789365e-09,7.43424324852745e-28,6,4.448433324625056e-22
8.331172482082438e-09,4.8999507425972933e-29,2,6.027399082675223e-23
6.986774986265801e-09,9.029823896963144e-28,6,4.46136724864315e-23
5.707588822922073e-09,8.523968369042294e-28,6,7.027568781246847e-23
4.229474357111522e-09,6.681036590115028e-28,8,2.766497690707804e-22
8.894804867317975e-09,5.935876706942877e-28,7,5.696117248445662e-23
4.532005966803718e-09,8.923994258913265e-28,8,1.8885027489856242e-22
8.349394955244193e-09,1.8606338236713862e-28,9,3.3652052327886116e-22
4.952214177131966e-09,7.979808994485687e-29,6,9.889987157936637e-22
4.392499864824168e-09,2.4019461075661958e-28,3,1.1442160762120015e-22
5.1641180710264576e-09,7.947631582493602e-28,10,2.5422696471667956e-22
3.7124008674772783e-09,3.5539063486429493e-29,3,1.0109417378368927e-21
7.72848442158626e-09,5.8318230893191455e-28,1,1.5709093379661853e-24
5.524483510832312e-09,9.954416224267379e-28,5,4.402058297923503e-23
3.0899142563213554e-09,8.558259673530857e-28,4,1.078913778929065e-22
9.096171159471117e-09,5.218763879234503e-28,9,1.0328540391821247e-22
4.455020992358903e-09,6.448363246828437e-29,9,3.487277711276538e-21
5.891975750025897e-09,8.315252782227627e-28,5,4.548770864296422e-23
9.158248998680923e-09,5.993394275198511e-28,10,1.0805009856018844e-22
6.618141963225929e-09,1.1572955736221323e-28,4,1.7981656280991406e-22
2.0520823663752766e-09,9.467281326701519e-29,7,6.684685272873354e-21
9.458489112521276e-09,9.097081552990995e-28,6,2.4472473397699242e-23
6.64937247764276e-09,6.6949798270143425e-28,4,2.991186955701206e-23
4.014150531913775e-09,8.294404411973704e-28,10,4.1919866800660935e-22
2.2534486539704854e-09,8.790878192720134e-28,2,5.054975832395907e-23
8.146226703432664e-09,5.721577569314788e-28,1,1.432831447242261e-24
6.5806548033566215e-09,5.1788065003846185e-28,4,3.736970796484079e-23
5.801149827786893e-09,4.309400256517013e-28,4,5.685810178387339e-23
9.045033247458619e-09,3.1756133586210735e-28,1,2.219877599939321e-24
8.097374901020777e-09,4.35104824493939e-28,6,7.192070188466089e-23
2.3650739175947607e-09,7.740831640399993e-28,4,2.0938313308863466e-22
3.805498610159934e-09,6.022816999272181e-28,1,6.54736375477031e-24
3.236402258330192e-09,8.926200189938867e-28,1,5.822480848656433e-24
7.695516633154093e-09,4.438809723662465e-28,1,2.022527644368722e-24
1.3017919126220144e-09,6.074431980979072e-28,8,3.244773962654649e-21
6.129007163841848e-09,6.31639376294206e-28,10,2.187001490679349e-22
7.862128171666214e-09,5.920646348602499e-28,8,1.0179057269666359e-22
8.890890730855746e-09,7.029014026897395e-28,2,3.853491194456534e-24
4.0787357384431675e-09,2.38119778253269e-28,7,7.146508080219257e-22
8.391315742048115e-09,5.128026501459995e-28,8,9.63639083599313e-23
1.9956856325968652e-09,1.0503100048582016e-28,8,8.11263420067346e-21
8.618070625610664e-09,3.850652674499323e-28,10,1.8139650064644989e-22
2.1473979609878417e-09,4.8812816825950535e-28,7,1.1595675215281531e-21
4.575585615043305e-09,6.525372577118816e-28,5,1.0755166931427896e-22
8.175658292015982e-09,9.50575574638876e-28,1,8.1692924691851455e-25
2.349256846138964e-09,6.010104805884624e-28,9,1.4820241949860146e-21
3.0632625570937736e-09,7.43824681652001e-28,7,3.690887962954869e-22
7.500273115537597e-09,5.067104200416571e-28,2,7.990153634419032e-24
7.48032882891467e-09,6.344333377480927e-28,6,5.524991278480016e-23
6.770328695967675e-09,7.176837713925304e-29,2,6.566170851824319e-23
7.245536000203899e-09,2.550626284190894e-28,1,3.838035969751704e-24
5.884519990128365e-09,3.6242742542125415e-28,7,2.1322256503116296e-22
3.2661915301625743e-09,4.7296811098700775e-28,2,4.098805574507795e-23
4.111263941535275e-09,4.6507661631431594e-29,2,2.5577902407658636e-22
2.6343794512128312e-09,1.407980758655197e-28,5,1.4125310998780156e-21
9.176055052002655e-09,2.7746517491429367e-28,5,5.686166787715353e-23
6.250526152895084e-09,9.715583114792398e-28,7,7.681260789406016e-23
4.607662750872759e-09,3.319487947966581e-28,1,8.176724314808564e-24
5.158052232797194e-09,4.825072211597817e-28,8,2.9682816075956207e-22
9.525550056506338e-09,1.968212247969284e-28,3,2.67158996353727e-23
2.3801626280447217e-09,6.111303690118001e-28,4,2.5535308126537977e-22
6.276068488151174e-09,2.8133060062200996e-28,9,3.485922913060983e-22
5.552998109960194e-09,2.0770628511783224e-28,4,1.3516821670060897e-22
6.50308811891183e-09,5.170077130803777e-28,10,2.5224315317401166e-22
1.1629916543875645e-09,6.400843941176442e-30,5,1.5969964098725297e-19
8.849115180497363e-09,8.557135019841026e-30,7,4.0046916033874294e-21
9.389064542352512e-09,2.1977164717366617e-28,4,4.547465151174412e-23
6.08619865230288e-09,3.758831327457041e-29,1,3.406908954401993e-23
7.2698574148920295e-09,1.0882853095197375e-28,9,7.827822815793384e-22
9.302494430595662e-09,3.394556747543468e-28,4,3.0614913733657296e-23
7.365147708820587e-09,8.0276335246819115e-28,9,1.0891328637681208e-22
2.372851386228352e-09,5.724337995902685e-28,6,6.242985893364064e-22
6.186595241501318e-09,5.131063250030557e-28,1,2.7762786833174403e-24
6.460435417445703e-09,2.9412468326723436e-28,3,4.2458406998604476e-23
4.817176041721474e-09,9.31815141085327e-28,2,8.955739982423286e-24
7.627998120622506e-09,3.9755772770007825e-28,9,1.872221800705072e-22
9.409303132921134e-09,8.79143833056553e-29,1,6.780959089497541e-24
9.330116616160987e-09,6.174111562532953e-28,9,8.256732127764287e-23
5.057554342637188e-09,1.1463593892247248e-28,9,1.3493576685540028e-21
2.019142412566797e-09,3.458124419731706e-28,8,2.655689591566161e-21
9.863570790661012e-09,5.078552679729629e-28,8,7.01996645621634e-23
8.550082778013407e-09,8.743357244129591e-28,1,8.723106980142286e-25
2.1219641308294016e-09,4.940023884178127e-28,8,1.596667427438353e-21
9.287576943556351e-09,7.025267331422358e-28,10,9.628053435718231e-23
8.829067258559155e-09,9.928233038439713e-28,3,5.7879339203596904e-24
5.669542514134648e-09,1.3227077969007346e-28,7,6.360487531049064e-22
6.321478921704363e-09,2.75384267146552e-28,1,5.272874705125097e-24
4.5910243348311726e-09,3.951209571296086e-28,1,6.557523251412177e-24
1.492854749398282e-09,4.223485331781465e-28,10,5.553311279413885e-21
4.016775174813108e-09,4.115511562978068e-28,5,2.0038621675174197e-22
8.225681037382103e-09,9.076941526542541e-28,5,2.190086410651618e-23
1.0416882070414258e-09,7.1429001508683635e-28,8,4.368228541805968e-21
4.001492545220298e-09,6.082580993980222e-28,7,2.740029472296944e-22
4.58351824231849e-09,3.0999428241670563e-28,8,5.799966184838571e-22
5.836560426441306e-09,8.239489728754955e-28,6,6.828746753437027e-23
9.278700547714845e-09,9.551009570246524e-28,6,2.3441209848951982e-23
4.117113949293651e-09,8.213592040959314e-28,2,1.612999144406898e-23
4.122578817066049e-09,2.463696596800579e-30,6,4.677206555516049e-20
7.637511232987735e-09,6.367286089502421e-28,5,3.448555897871197e-23
5.069961468008264e-09,5.198935959880283e-29,3,3.684767324014229e-22
3.0214434064598373e-09,2.5827537383542156e-28,6,8.337962143533413e-22
5.07195564519424e-09,6.037112811745869e-29,8,2.3719628329496305e-21
2.267713183418199e-09,6.041520370417333e-28,9,1.3612699752361481e-21
2.5874828785560097e-09,6.868719825704635e-28,1,1.2520301876443115e-23
5.4853099546553174e-09,1.152845991916458e-28,3,1.4169722970527782e-22
4.770329045540931e-09,3.8439342805023905e-28,3,5.333855379753505e-23
9.2336131096129e-09,4.567258960974821e-28,8,8.429673523982372e-23
4.261545092049698e-09,3.6962087404133183e-28,1,8.966582365681469e-24
6.225295152502391e-09,1.218160779847564e-28,5,2.8830427639999207e-22
6.690378591275773e-09,4.194707371763068e-28,3,2.7538209217301674e-23
1.1178501092950027e-09,7.514019875653906e-28,2,2.13831133839313e-22
6.971836348150395e-09,7.184375763517554e-29,8,1.1384680440093152e-21
2.6023237018277628e-09,8.100785206922975e-29,3,9.405691354262604e-22
9.649632857225097e-09,3.5535199767333188e-28,7,8.023341369575453e-23
2.3379645497780164e-09,9.41778158478468e-28,1,1.0497790334554586e-23
4.731617113543213e-09,6.688709313408635e-28,6,1.367819180329399e-22
1.7681470127077948e-09,6.789591537115596e-28,3,2.405722546276377e-22
9.971868266613526e-09,3.6249426284611093e-28,8,9.83316753757686e-23
5.519755092981183e-09,5.940264964964508e-28,6,1.092233022529574e-22
6.358465155880394e-09,1.1022065962118411e-29,2,5.064424725108352e-22
1.6036882964958474e-09,6.364235599677737e-28,6,1.1019671873345736e-21
7.7496442335926e-09,9.133649893234182e-28,7,4.8114099448236825e-23
2.889150337860272e-09,6.129221522233089e-28,5,2.460915892769213e-22
9.082488604966424e-09,8.738122647322253e-28,3,7.059448149717582e-24
2.8462567643380644e-09,7.242214797161744e-28,4,1.4460846481157023e-22
2.716189485972999e-09,1.2134991382892695e-28,4,9.03733967689684e-22
1.328947010632854e-09,9.025410993092845e-28,6,1.1902933626965682e-21
5.248602505989993e-09,6.72840448958547e-29,10,2.983003698172531e-21
6.083570199363548e-09,5.343869018224708e-28,1,2.7464374931882613e-24
1.5913777548551714e-09,1.4290920038204355e-28,4,2.2839301353426656e-21
7.979748550255095e-09,1.2596074781246254e-29,10,6.259129914295855e-21
5.079599512732248e-09,4.225544292935242e-28,4,8.083564731453463e-23
5.71951242394822e-09,2.9567517101726754e-28,10,5.509234417727025e-22
4.966864722444053e-09,4.864630933531852e-28,1,4.514055431064541e-24
4.606867547877934e-09,5.775804068364898e-28,9,3.5975078451714525e-22
6.0367629817739606e-09,4.459970714386931e-29,4,5.518760731395785e-22
2.3971622133764124e-09,1.2379259215813427e-28,7,3.9404072063352336e-21
2.6373531744574402e-09,5.590396182936201e-28,3,1.2795439954153383e-22
8.756070589121655e-09,3.437585025548029e-28,10,2.0489671975312332e-22
9.515039159202695e-09,7.294172314106536e-28,3,7.488671902539327e-24
4.359783846517776e-09,6.52604586108207e-28,8,2.7835074091555543e-22
3.436702058291984e-09,8.457433190632159e-28,8,3.2274682830189664e-22
6.795995889151141e-09,6.927695831252231e-28,1,1.808896441069899e-24
4.678607539882867e-09,4.304441394204971e-28,10,6.087791680762307e-22
1.2284772009431038e-09,6.732609524342775e-28,2,2.375345368186935e-22
2.4053733762957133e-09,2.760333311985887e-28,8,2.4500245907973754e-21
7.4437500596265775e-09,3.0693781662931234e-28,1,3.0371732195406274e-24
6.930315477191362e-09,7.891750732768647e-28,8,9.111246576245264e-23
1.2438639325313516e-09,4.469177388368208e-28,8,5.717470142197587e-21
2.997749457396545e-09,7.98561798211886e-28,2,3.052821610448865e-23
3.079673169292642e-09,8.22582193531977e-28,4,1.1392639342432082e-22
7.047034692388555e-09,8.576905315573886e-28,6,4.285747234039054e-23
1.1773948397892775e-09,9.167102641289503e-28,9,3.52437422321416e-21
1.9369772378611646e-09,4.314973338148343e-28,8,2.379150720677436e-21
8.199244768358704e-09,3.1947983818464987e-28,8,1.740554865159991e-22
2.6069019584890022e-09,5.8257476772217925e-28,7,6.585143486048712e-22
6.8747149706668715e-09,3.7173836825653377e-28,9,2.48009318193965e-22
3.143645029420539e-09,6.014332000501129e-28,2,3.484567220137579e-23
1.8949725348341064e-09,7.0585083536744525e-28,3,1.8657704572351073e-22
3.188549718995087e-09,6.886854539754941e-28,10,7.089543284046188e-22
7.500402386700933e-09,3.751157894218033e-28,8,1.6573789617626734e-22
8.701268212956572e-09,1.6761002751722397e-28,6,1.6744497271497245e-22
8.471978781102924e-09,4.310418620575916e-28,10,1.805440703947618e-22
4.574651766566094e-09,1.4336580935223503e-28,9,1.5828636504169715e-21
7.012766229135815e-09,8.901959478521429e-28,10,1.3208674753317485e-22
2.8448586587423888e-09,3.464661710231934e-28,4,3.0459355185988005e-22
3.638329572349119e-09,1.5522073345082281e-28,8,1.6445021651379543e-21
9.067022366690079e-09,2.6324856921835706e-29,10,2.4444267546745118e-21
1.1170173115966244e-09,6.461411461388265e-28,3,5.600584677631254e-22
1.7695767776902128e-09,6.37229105369034e-28,3,2.479314565961169e-22
2.8709762963142457e-09,3.4119762283136856e-28,8,1.0675532612290458e-21
1.2387898348643775e-09,7.254734814768813e-29,5,1.268824275081438e-20
2.632918915808176e-09,4.101602288898263e-28,3,1.7433883586762054e-22
6.247374048727229e-09,3.118373993178366e-28,10,4.615483980488508e-22
4.792820955332481e-09,6.774112311592479e-28,1,3.7132492803895e-24
9.034045399692773e-09,6.06134048128183e-28,3,1.0083860306415948e-23
8.356992055645968e-09,3.6516559384216227e-28,9,1.8852777471517833e-22
4.076356165280884e-09,2.1859645095616067e-28,5,3.894703258829916e-22
3.334810900881632e-09,9.880467337860518e-28,10,4.805538727003414e-22
4.417231673505402e-09,4.5449301973703845e-28,2,2.4460297784330252e-23
6.312654482633269e-09,6.8855478896803495e-28,7,8.692558519859517e-23
3.412572767405886e-09,1.4132646990754026e-28,2,1.2736446427034167e-22
6.617340170642206e-09,4.860526689297044e-28,4,4.0470516992261674e-23
4.684704869721163e-09,2.8411936821582966e-29,7,4.430532339916747e-21
5.9684246276678214e-09,5.059002083043307e-28,4,4.6897572325525384e-23
4.9251387622178496e-09,9.640497914512965e-28,7,1.0782998556909612e-22
3.6501918358772587e-09,3.8476092694411305e-28,7,4.750545134070494e-22
9.53607976265941e-09,3.9860916163594175e-29,1,1.46888221001286e-23
7.872452147437848e-09,3.182793070751612e-29,6,1.0993031991814937e-21
2.2610185818980726e-09,3.8853757186291735e-28,9,2.2683667724724805e-21
8.816211783081216e-09,1.6078091402037719e-28,2,1.839168415456358e-23
5.386880784245622e-09,2.4231079441490548e-29,3,6.708404313923482e-22
9.050970042046823e-09,7.564330216976218e-28,10,8.159722277961864e-23
8.198697303525836e-09,4.59010338173897e-28,5,4.175327858025926e-23
4.8269215402231005e-09,2.898844516778792e-28,9,6.549790002653035e-22
1.2022237748810566e-09,9.001731081517659e-28,4,6.076164709087416e-22
3.4180962344645146e-09,1.1693443513634514e-28,1,3.814907535165759e-23
5.874707931947802e-09,9.559585020092595e-28,4,2.5834937509783917e-23
6.701303978435325e-09,3.1458414733171328e-28,6,1.3061542418291778e-22
3.3209891688988207e-09,8.885041090036035e-28,5,1.2514565418377215e-22
2.254204666655417e-09,6.033002278906301e-28,1,1.8161283271149474e-23
8.514372131193693e-09,8.268633231177201e-28,4,1.4682432602771456e-23
9.85961962633197e-09,9.840275513635749e-28,6,2.1458149405046854e-23
5.731211640724172e-09,2.890458729247089e-28,10,5.459521497598145e-22
2.5451135726347316e-09,9.611704634707262e-28,10,9.149620026160236e-22
3.4507659386743204e-09,3.9003136119700825e-28,4,2.035220736955246e-22
1.1655160889272006e-09,3.8606494402265916e-28,9,8.587506814585054e-21
9.228689259044491e-09,3.4098075586067668e-28,5,4.5803789027955004e-23
2.05975974601127e-09,5.418203405009724e-28,8,1.5390496228622036e-21
6.1886482796282815e-09,1.5490631263962647e-28,9,7.246403773833053e-22
3.4664969861848536e-09,5.54113145021189e-28,10,7.902482966878334e-22
5.98760202264214e-09,5.421172780788351e-28,5,7.300489529358984e-23
6.8627834951667775e-09,7.6211610097352575e-28,6,5.466040621549921e-23
8.467676233364814e-09,8.337996769718417e-28,1,9.732896412792665e-25
2.8577914458454287e-09,4.409449530971429e-28,7,7.302267954383684e-22
1.0989624579263243e-09,3.0296114942707745e-28,4,2.3589404190045363e-21
2.2319706706192654e-09,2.600014959095091e-28,2,1.6468347896828559e-22
9.100167776632946e-09,1.9534867525183756e-28,5,8.006092179447896e-23
8.865010698062638e-09,5.849569937504576e-29,3,1.1181923987153486e-22
6.376717919532774e-09,3.4303977565376218e-28,6,1.5711912425870198e-22
6.40465174390288e-09,2.709044692078656e-28,8,3.10037724361391e-22
6.9853300709162986e-09,9.664476102191276e-28,7,5.508482180975931e-23
2.5783415076110465e-09,5.58106888306419e-28,3,1.2816591704213733e-22
9.229707513324639e-09,3.4786448969538014e-28,8,1.1449834097048466e-22
4.768934724028657e-09,5.808451801528017e-28,2,1.7988812004385726e-23
4.448246754245477e-09,1.399714243144844e-28,10,1.9103643664536043e-21
5.670259347545537e-09,4.44544109827921e-28,9,3.0191717221531664e-22
1.4226937009754955e-09,6.265707105317849e-28,4,6.49447104573763e-22
2.4965503188047147e-09,4.893578237438383e-28,1,1.8257656505423916e-23
7.642302547837334e-09,4.0231719973373543e-28,8,1.4897817915419676e-22
1.7451880113261383e-09,9.938539253496884e-28,7,8.378915404672717e-22
6.428368985197494e-09,8.80422478862993e-28,5,3.602763424242259e-23
3.208141987131888e-09,6.237448927970967e-28,10,9.204095320449344e-22
4.503660526377789e-09,5.697649215572188e-28,5,1.1891721737603748e-22
3.5982436309362986e-09,6.21001885392742e-28,7,3.3616042067591425e-22
4.201054448184542e-09,2.020309269253931e-28,5,3.8682613508734037e-22
7.47141314665821e-09,3.9568211929538077e-28,8,1.7010802687473607e-22
3.6740954406085753e-09,4.032401931129752e-29,6,3.43992340897284e-21
6.097641762672075e-09,4.760180460530886e-28,5,7.598376120424894e-23
5.284453619791897e-09,5.434358618321014e-28,9,2.904517489587586e-22
6.973040488263833e-09,2.2844476134071674e-28,2,1.806237047363356e-23
9.431467653922823e-09,9.640612212030648e-28,1,6.106538370798563e-25
7.593148874892253e-09,9.095361017873985e-28,8,7.048419914076219e-23
2.934463407316811e-09,7.223933065439957e-28,3,8.242050882342895e-23
1.280648215551562e-09,5.338065807994739e-28,7,3.2155878245341564e-21
3.3603763986984255e-09,8.700861874040021e-28,10,5.421255069296993e-22
6.355701376302293e-09,1.3143475671402181e-28,8,6.461492080106891e-22
1.4628323213582531e-09,7.906983354600377e-28,6,1.063287570571319e-21
5.4672962248111265e-09,1.2560847523427814e-28,10,1.5298092768032605e-21
6.3715856402520026e-09,7.94395872953111e-28,9,1.4539805961736057e-22
4.008195017352647e-09,2.7641937743993076e-28,7,6.383713146579683e-22
7.938209833712396e-09,8.772011994952726e-28,10,1.0724664454638616e-22
1.959384278203946e-09,9.44092455940955e-28,5,3.8652616762678515e-22
1.676240035622279e-09,1.4956205303265104e-28,8,9.00874211318166e-21
7.55369880583243e-09,4.631591970208347e-28,2,8.223510048894348e-24
5.459421845855786e-09,9.810044895223387e-28,7,8.384588245529872e-23
7.195621567849624e-09,4.838723692807709e-28,4,3.655729027929915e-23
4.913446047433716e-09,8.636703297442821e-28,9,1.9397032170583598e-22
3.2176182991519614e-09,5.891016637614018e-28,1,9.074924681653221e-24
8.371920859067798e-09,3.7589211100247427e-28,7,1.0694711969112951e-22
8.194742910720814e-09,2.8642635032589697e-28,6,1.043820105168541e-22
7.252268237689841e-09,2.0394019030410984e-28,8,3.6475600491812705e-22
3.4493062350696646e-09,7.620125730054574e-28,5,1.364583815665145e-22
6.312076001821783e-09,3.870926203668872e-28,1,3.543722506615617e-24
4.248765072460241e-09,5.117153142847706e-28,1,5.946303833372078e-24
1.8242386599397073e-09,4.9278238706918095e-28,9,2.528568639398009e-21
9.255822179160185e-09,5.776594781068215e-28,10,1.0449981273159563e-22
2.2313676782706527e-09,8.656981261934901e-28,6,4.390005495791724e-22
9.552136184387223e-09,9.807566781742044e-28,10,5.795617296557706e-23
5.014051956621601e-09,4.081173827861005e-28,5,1.3299885421975337e-22
2.666196359547577e-09,8.276741550764075e-28,1,9.046566324345782e-24
5.877108526405223e-09,7.647397196395285e-28,6,7.598581156234904e-23
8.856512522887675e-09,5.7391277539926335e-28,6,4.531388314782827e-23
7.59002397768605e-09,9.560867011826824e-28,3,9.228559619917961e-24
8.259050330753047e-09,2.0119408846442725e-28,8,2.5068494095027536e-22
6.929050300396456e-09,1.1006587252034276e-28,1,1.0533088974328197e-23
7.230489080660672e-09,8.540934011851622e-28,1,1.2926963975730057e-24
8.642760864087874e-09,4.39654581798778e-28,6,6.150027924577567e-23
3.2470120797326735e-09,8.471065822382742e-28,10,6.71608305356611e-22
5.404824672788264e-09,8.931864240107391e-28,1,2.206669688160937e-24
2.9908849763764197e-09,6.330138178481427e-29,6,3.788871996283108e-21
9.889012071969823e-09,8.835696446993732e-28,1,5.559983482158486e-25
9.49653405717952e-09,4.488155682195898e-28,6,4.9047924798243784e-23
1.354841302316553e-09,5.108730997641285e-28,3,5.181828064517251e-22
7.350176552641196e-09,6.269285778332264e-28,8,1.0305427711400978e-22
9.327234856740992e-09,9.264488623840297e-28,6,2.3526446474374175e-23
2.6251781061460016e-09,1.9998889944777245e-29,1,4.06085878844727e-22
6.111507074973665e-09,4.773143091963311e-28,5,7.000078838517447e-23
9.239394678292376e-09,6.880030925923733e-28,8,6.100956799601894e-23
1.3055138072721897e-09,7.2295652143630015e-28,3,3.853896998769319e-22
7.276782405221559e-09,6.928091523487246e-28,6,5.250832879095875e-23
3.6761410663529566e-09,1.3521413779165456e-28,5,7.673167909295807e-22
9.319565758388774e-09,3.0002613234214678e-28,6,7.611695590197224e-23
9.73952420648831e-09,3.592926814441382e-28,10,1.6951229733889392e-22
9.498398402020906e-09,8.046132141925935e-28,1,7.193732275665549e-25
5.267927949917173e-09,2.7940898852937996e-28,7,3.4541570477087575e-22
8.75838385890382e-09,2.1141532939972274e-28,9,2.8628962064793734e-22
8.600944586815634e-09,9.574863158209619e-28,2,3.155226615827428e-24
3.871904259189301e-09,9.755308156866779e-30,10,3.832450587925869e-20
8.460239267356096e-09,9.978228169118645e-28,5,2.0275021819579553e-23
1.3330687124394337e-09,6.771121596884241e-28,10,4.468318501933537e-21
6.3664289063384766e-09,8.28623677079613e-28,4,2.5338897686325187e-23
3.0700795355893276e-09,2.9525423888948163e-28,6,7.303955461844278e-22
2.0851019719955096e-09,1.5202393917159626e-29,6,2.96688659740688e-20
1.6925788146628823e-09,7.381054359948247e-28,2,1.096415297260064e-22
7.266598982903257e-09,8.342938668633751e-28,2,5.075242846000812e-24
4.058874673912595e-09,7.407097034347611e-28,4,6.971583296561993e-23
7.522900943758852e-09,1.4362172204226785e-28,1,6.866219820654287e-24
1.5882070671904813e-09,7.536498371269379e-28,9,2.2328791333510104e-21
3.837613040475493e-09,7.691307516037442e-28,7,2.486485709928883e-22
5.855421631378034e-09,6.588478292059519e-28,7,1.1073020953332726e-22
8.116508483550671e-09,7.663264284560703e-28,3,1.0381734888096063e-23
3.868772526388629e-09,8.460601103820223e-28,3,3.963048729895192e-23
6.633022387933081e-09,6.139518705346448e-28,1,2.0150073771855594e-24
8.973799734125684e-09,8.942496972710636e-29,3,7.120658051416478e-23
6.542768693640741e-09,4.880889446385105e-28,3,2.4244109211400268e-23
3.096635272782704e-09,7.847945027040062e-29,4,1.244441886691129e-21
1.2196070340088422e-09,4.080762423045017e-28,4,1.5421965748432478e-21
8.83088986510837e-09,4.0764009328541465e-28,3,1.5811098642288267e-23
1.1914246976534843e-09,6.685043528051537e-29,10,5.531327960468895e-20
8.872315054157796e-09,3.4940659548890684e-28,8,1.2424422150065388e-22
5.760434206244908e-09,1.1179820050240266e-28,8,9.434050695274924e-22
9.451609286616066e-09,8.08407798320214e-28,1,8.010435669651814e-25
8.189049121962989e-09,9.477351067411028e-28,7,4.134653325780634e-23
9.981406994800037e-09,7.315139043020646e-29,2,2.9559779616499604e-23
4.156406339065391e-09,9.551556036051389e-28,1,3.633294556502425e-24
7.904694600380141e-09,5.230062803973422e-28,3,1.5035460942124035e-23
4.617378222483179e-09,3.0019606884371546e-28,4,1.3284330494400614e-22
5.318880582735179e-09,7.769289940841497e-29,6,9.337878288557751e-22
6.64754916896533e-09,5.010737062291545e-28,10,2.4715914671128465e-22
8.86309402767705e-09,7.9470048050070715e-28,5,2.045095640997601e-23
9.856751222793657e-09,7.073500994371583e-28,4,1.3442333072971011e-23
7.914460724780664e-09,5.108080805365619e-29,8,1.0567424623252274e-21
4.759901039506004e-09,7.37362237160724e-29,4,5.267575081768092e-22
4.792213020493631e-09,4.034106966782678e-28,10,5.903645678427139e-22
7.638240714300023e-09,2.959247326033002e-28,2,1.2861220286890412e-23
3.1489943119147207e-09,2.3307517716529743e-28,3,1.9029726119957042e-22
1.9942670181825518e-09,2.8165159485969582e-28,6,1.734233225126948e-21
4.191599418766989e-09,8.036596088279175e-28,8,2.6274456031716534e-22
3.585150924886736e-09,9.292917483835853e-28,8,3.126652163529144e-22
3.666773084103911e-09,4.056381021024917e-28,9,7.746810273869083e-22
3.1024697594491896e-09,9.061955022305778e-28,7,3.2249667350093183e-22
1.378838706727257e-09,3.221063551167589e-28,2,3.448249124689817e-22
1.1608654126007243e-09,4.769081930560823e-28,8,5.362823938972928e-21
9.889501507624284e-09,2.267255717179654e-28,7,1.1932189715346501e-22
4.849958203622761e-09,6.407996137378858e-28,8,2.3429339843202206e-22
4.458939824437135e-09,9.790000321711517e-28,3,2.6646256852922173e-23
7.116825544237628e-09,6.038499522569397e-28,7,8.908902051760427e-23
2.9642849907855777e-09,3.5839205143784675e-28,10,1.731714140316965e-21
9.549650655552028e-09,6.48134410289137e-28,9,7.884602228945497e-23
8.077105129739968e-09,1.2371004985476872e-28,3,5.874341060005048e-23
1.8046990208103357e-09,8.887592870931598e-28,10,1.888636392144718e-21
4.758226982064355e-09,5.035311752241346e-28,6,1.8193235482432333e-22
8.912064768059483e-09,4.498453272718064e-28,2,6.306762235171667e-24
9.502588200622694e-09,5.8623751014391115e-28,2,4.0502242619229766e-24
5.206613601248827e-09,6.251215573128921e-28,5,7.483837843654138e-23
6.520702502896369e-09,7.261120800090917e-29,5,4.513026914838214e-22
2.503305514828677e-09,6.829028657243014e-28,7,5.787917987970044e-22
9.920517635232789e-09,2.4261394180324567e-28,2,9.096169501118777e-24
3.08504531245099e-09,7.14210075137334e-28,7,4.1893194844679433e-22
9.484585967216131e-09,8.22694513069251e-28,5,1.909218392292966e-23
6.846819840931316e-09,8.041349448957231e-28,6,4.710741353148506e-23
6.469631153909731e-09,5.529037165372221e-28,8,1.5329379457707878e-22
5.614196599148577e-09,5.2060173940767155e-28,10,3.2912027687239165e-22
3.0760283054598284e-09,1.4364737297420627e-28,4,6.0490237394049e-22
2.588752288049574e-09,7.7554833886777285e-28,7,5.260692588738148e-22
2.984375881631578e-09,2.7206511200431236e-28,6,7.953041759041354e-22
2.6779443592982906e-09,4.971483969374104e-28,10,1.501964282599658e-21
8.01626026210078e-09,2.84918246243882e-28,2,1.2064337265075225e-23
4.151127332500571e-09,1.3460791747299343e-28,8,1.4668686207165724e-21
1.5205840890705674e-09,6.298910949645341e-28,10,3.7862530575315575e-21
9.721923671267302e-09,5.518313599156322e-29,9,8.270227170235172e-22
8.954072964670832e-09,7.488714534154865e-28,5,2.223620768163694e-23
9.349770548756918e-09,3.182009671453817e-28,10,2.0709123958036359e-22
9.954170403817917e-09,1.0345717807812833e-30,4,9.034706689842529e-21
2.5650572429753856e-09,5.115691230119164e-28,6,5.368361949044595e-22
4.5661781701239286e-09,4.770974180992829e-29,8,3.66282448582108e-21
7.824146281336822e-09,2.7682100521886073e-28,3,3.1185075467642465e-23
7.264185562484129e-09,7.072402086170061e-28,10,1.585065401912111e-22
2.3850631570586955e-09,6.353320096240619e-29,1,1.5580341228598996e-22
8.34249812491556e-09,8.39483087712882e-28,4,1.4234673491058398e-23
3.0199651465299463e-09,4.716484728190384e-30,4,2.1056616591814727e-20
3.0143585334036077e-09,2.4750172771962057e-28,1,2.3342962401736533e-23
5.832769806040722e-09,7.411372425015347e-28,9,1.732793423159845e-22
6.336459413575328e-09,3.1688550659455045e-28,3,3.956477947327804e-23
6.2207758705403004e-09,1.0270068491675413e-28,5,3.3133185926152796e-22
1.8233815365797939e-09,3.6080970827350753e-28,6,1.5525855450554869e-21
8.897147763673423e-09,2.710499324267795e-28,8,1.6751330205001987e-22
3.3904003832983544e-09,8.428534614486105e-28,6,2.229637104660571e-22
2.1656342915452375e-09,3.1396590445931655e-28,3,3.5628906899109095e-22
8.998732718820795e-09,7.891224325514089e-28,6,3.201168766926199e-23
9.60086348406778e-09,8.91969459880405e-28,1,7.001806816800151e-25
8.759148555389056e-09,4.343269838989107e-28,4,2.719150013892014e-23
8.285644672523902e-09,9.10024195024923e-28,6,3.2335547727216503e-23
6.8971778257511955e-09,3.7787846771462605e-28,7,1.5631862576276911e-22
5.957716335482253e-09,9.641107459152672e-28,10,1.494020381414073e-22
1.7828808392026913e-09,9.010916395349992e-29,3,1.7416516420766266e-21
4.676078917636288e-09,6.873009491633899e-28,9,2.9460163182353256e-22
4.3541966531108256e-09,4.942696078205175e-28,7,2.881032437765665e-22
3.337784053842936e-09,3.8819992153073705e-28,1,1.239693207165998e-23
7.510781023197264e-09,6.330424380577272e-28,2,6.3072017465824605e-24
5.462881615708937e-09,7.041236202518604e-28,1,2.504927157339208e-24
1.7294159431688314e-09,5.2593427076238096e-30,9,2.7505950869380884e-19
2.981648817548302e-09,1.6770283096732625e-28,9,2.8841483800042217e-21
7.149328872936363e-09,7.133043091887479e-28,7,7.69447904498063e-23
1.6851777354127016e-09,6.6668566670598615e-28,10,2.897042598868149e-21
8.660862226438919e-09,9.660780623740615e-28,3,6.658956298099683e-24
5.4563187431257685e-09,7.612528562395574e-28,5,5.94084332012925e-23
5.325279195939831e-09,9.508170122943799e-28,4,3.257201342115733e-23
6.331670061935658e-09,7.028082150834257e-28,7,1.0318442567076532e-22
8.422128693326342e-09,2.986839616516677e-28,9,1.9684973128560007e-22
4.130282871119737e-09,1.0617009382083072e-28,2,1.2529868262451834e-22
7.102145373031572e-09,7.820202218679252e-28,8,9.114488558917426e-23
6.091587675962119e-09,6.4446948717658765e-28,9,1.7767824765142745e-22
3.403254431524792e-09,4.9042644982142273e-29,10,1.0370463015747777e-20
8.907669877196422e-09,3.606264204816675e-28,10,1.9696612142387098e-22
8.176834194462353e-09,9.568386956503504e-28,9,6.772208595933766e-23
6.926066511925829e-09,5.008507846790621e-28,10,2.0718663182648565e-22
8.655235561848178e-09,4.33239679797287e-28,7,8.380688764428514e-23
8.805647808638222e-09,4.581876755146507e-28,9,1.248441906401563e-22
7.375266790435313e-09,2.095947295535591e-28,9,3.698216026855129e-22
8.533119955273048e-09,3.6927533441101693e-28,3,1.7411016134205346e-23
7.277243155023552e-09,3.703804240567882e-28,4,4.6711272750904195e-23
7.121266945842703e-09,5.320790066930367e-29,2,7.340093179821598e-23
6.567502403936658e-09,7.677768176522522e-28,10,1.68328670639698e-22
7.77444975601877e-09,4.170295779151655e-28,3,1.9411945612181913e-23
2.427445947637663e-09,8.223399249182885e-28,5,2.9018513011671656e-22
8.927836832790356e-09,8.504826879188875e-28,5,1.9941869722779687e-23
8.846591749707088e-09,2.127032600494293e-28,6,1.2042609351730219e-22
1.2632255473110323e-09,6.576618640361756e-28,7,2.467274129339495e-21
8.432350755082864e-09,4.727567505392351e-28,7,7.980191233325886e-23
2.1598288072610067e-09,8.802645968573558e-28,1,1.3691868593181028e-23
4.016069688332277e-09,2.1644651256519533e-28,2,6.335674192556659e-23
7.69157430662447e-09,6.781031684297653e-28,9,1.1291757943853855e-22
2.446839064434774e-09,6.081051453426952e-28,10,1.4374760489262177e-21
8.361703217071559e-09,2.959357062420182e-28,2,1.0296168543345497e-23
8.489207601619678e-09,1.3737796283788658e-28,6,1.9383907976628165e-22
5.567209603847526e-09,6.519532846928471e-28,1,2.6784569045141988e-24
1.0574728454515023e-09,7.388327204200117e-28,3,6.384434723958545e-22
3.583343198574215e-09,3.1624327915396305e-28,2,5.310362163334488e-23
6.5523422653816795e-09,6.451522546786938e-28,3,1.681275685646628e-23
9.83067560224681e-09,3.9567528979465297e-28,5,3.6852050639877757e-23
6.686321743150015e-09,7.134649970876635e-28,10,1.836430339329263e-22
3.338232229577438e-09,1.9993598114664847e-28,6,8.308297294704006e-22
6.706051327896502e-09,8.903138091338018e-28,9,1.2197922072219398e-22
5.859868417442699e-09,2.880509278287608e-28,10,5.663699602512794e-22
8.018608556360292e-09,3.683549803671724e-28,4,3.899124488296553e-23
1.9628257494426257e-09,5.893966932347748e-29,7,1.2711294287954661e-20
7.849251122518252e-09,1.1231185133018725e-28,6,2.994092286971549e-22
5.871399208084992e-09,5.162976269998871e-28,2,1.2265684995342142e-23
9.666928034730952e-09,2.6825184331891636e-28,10,2.3225798656124806e-22
4.076849494348175e-09,8.356282935390263e-28,8,2.5611394287077777e-22
6.693597038205533e-09,1.5580164605164386e-29,7,4.062408088213205e-21
9.388252949590157e-09,3.796528640281315e-28,7,8.518541061941932e-23
1.9225875519161136e-09,3.3794193577700054e-28,8,2.658450924146529e-21
9.43505638512806e-09,2.0210236049775198e-29,1,3.1715825471448334e-23
7.190971500707319e-09,1.2515646744140978e-28,1,8.402835025681855e-24
1.610533531946547e-09,4.141703965112085e-28,8,3.292106690023912e-21
3.7086721025213458e-09,4.93321006321444e-28,4,1.3023467276668142e-22
7.3735487978075335e-09,4.048258864823398e-28,5,6.260732200971623e-23
1.6061554132189454e-09,5.31359834501523e-28,8,2.757538604398637e-21
6.239534141586459e-09,5.954960563982665e-28,5,5.513717648955925e-23
4.11294751257661e-09,1.0814889688820579e-29,10,2.7414741942673994e-20
6.588239659907294e-09,4.645774738099958e-28,4,3.9336363118975475e-23
1.4116783043126156e-09,9.635320915707895e-28,6,1.0839364218379689e-21
8.843831255371386e-09,5.194651510774322e-28,5,3.246358041274316e-23
9.761400722596572e-09,6.778324794182402e-28,7,4.1911426450251975e-23
9.719900697571224e-09,3.1248318044475808e-28,10,1.8483046126194608e-22
7.746866485686323e-09,7.741947859124251e-28,7,5.531320581355928e-23
2.170776161175688e-09,7.731258525424267e-28,4,2.5128617981050835e-22
7.824368763361204e-09,5.217268812112503e-28,5,4.26818824054111e-23
1.2212822481292136e-09,9.760354108382624e-28,3,3.35253746105032e-22
1.1991119637609752e-09,1.26337219569367e-28,4,4.8901118336436306e-21
3.912491972345871e-09,1.7832411991180374e-29,4,3.3327365499961304e-21
5.397788713641991e-09,7.703650693665147e-28,3,2.0950603434601182e-23
7.93366676027014e-09,8.073290973812543e-28,10,1.1271370755590532e-22
7.1496583894585466e-09,1.2099904261436773e-28,5,2.3790517997745386e-22
5.013124357390735e-09,2.6624380840894337e-28,5,1.904312385120404e-22
3.462639996534993e-09,1.8436566239598944e-29,7,1.2334596801702956e-20
9.9741205014194e-09,2.9394463303086224e-28,4,2.9570250434211025e-23
4.835631720123756e-09,7.733460462321448e-28,4,5.0255772870725366e-23
5.062483218967079e-09,5.183943632376377e-28,9,3.142407258372291e-22
2.4726143907250227e-09,3.486823071344367e-28,6,1.002275423402802e-21
8.153285938749364e-09,3.7230472954091467e-28,4,3.2627184656685074e-23
7.243140032033397e-09,2.252407452324233e-30,2,1.835034317311986e-21
2.986926515098843e-09,3.0043070709042723e-28,6,7.531142452371678e-22
1.7414294105425843e-09,6.467769287704565e-28,2,1.080812728662337e-22
7.124493718672418e-09,9.742176688169224e-28,5,2.6575807120771533e-23
6.890600928530217e-09,8.47198472239614e-28,6,4.966202028947811e-23
3.459335742983884e-09,2.4473729177348152e-29,4,3.009828412070375e-21
9.557772060253694e-09,8.98651900130632e-28,3,6.018505655909382e-24
2.359521026028102e-09,7.833935347266573e-28,7,6.430540361001261e-22
4.891013209383417e-09,7.805737850597667e-28,2,1.1524416930098316e-23
9.49254328150839e-09,4.584835628204683e-28,6,4.858706126158919e-23
4.7775458523351e-09,3.985470881908438e-28,4,9.408279752784823e-23
6.74673352897677e-09,3.035431046772428e-28,6,1.369213191200696e-22
4.578349581665148e-09,6.653573358130685e-29,4,6.206422078002397e-22
3.4679368211380304e-09,2.289299516665548e-28,4,3.1097766630282683e-22
9.855798831638453e-09,2.4728169170654445e-28,4,3.573631509340397e-23
4.684006056835387e-09,4.845414003474625e-28,9,4.425234608380517e-22
9.04689283311221e-09,7.4767170663075705e-28,7,4.338655580497258e-23
3.069591453019776e-09,4.7428339955238855e-28,3,1.0686283731043149e-22
2.9179423362257494e-09,5.869238944265816e-29,3,9.897800036020564e-22
1.2802067459606023e-09,9.578277901673145e-28,6,1.2651275710657447e-21
6.865001428382965e-09,9.427758672069276e-28,6,4.182786072616847e-23
4.31673709351385e-09,7.853828725595749e-28,4,5.91045334534942e-23
8.779224248556734e-09,9.913357064528128e-28,9,5.719481207110003e-23
5.258889160224014e-09,5.448922987007428e-28,4,5.776823575648806e-23
9.713740851232495e-09,9.628018587379783e-28,9,5.0707565507714774e-23
2.6697296413280903e-09,7.643699608019571e-29,4,1.622787202378342e-21
8.817608511600498e-09,3.6625163558793612e-28,2,8.18236156018956e-24
7.989371675125675e-09,2.260784248655598e-28,2,1.5203529397364326e-23
7.938296601796467e-09,1.965568343585492e-28,5,1.2060606311582998e-22
8.60304905305199e-09,1.4157622623867268e-28,4,8.186990044367563e-23
7.84921591848699e-09,6.227534692885873e-28,7,6.739204204682795e-23
6.6359828946827384e-09,7.815186660771326e-28,5,4.095783878043985e-23
2.181203899141488e-09,5.786779308608824e-28,6,7.665656619453389e-22
1.2927356154212672e-09,1.477304431495803e-28,10,2.0697135134740503e-20
9.287630630341182e-09,8.112937585405308e-28,4,1.2423822736849675e-23
6.549852830686642e-09,6.362823479272812e-28,2,7.79649498005893e-24
8.168835618785587e-09,3.887163569914813e-28,10,2.130884385727402e-22
5.33370116361295e-09,6.744235782700806e-28,9,2.3181122865728294e-22
2.0557737006615503e-09,2.6057106476151434e-28,10,5.318867761487647e-21
2.1266721298229542e-09,3.457815355065658e-28,7,1.7102314603510586e-21
7.1700875850607414e-09,9.175601058731715e-28,4,1.9894377350421616e-23
4.8727530540951635e-09,2.9114305161631616e-28,3,7.03254559666072e-23
2.8047225403030305e-09,4.704652787165945e-28,10,1.5516040738334606e-21
5.4243509206729314e-09,8.902400103723582e-28,3,1.907212572031771e-23
1.577880433676207e-09,7.079844010522868e-28,9,2.7400763256102454e-21
6.237742617229588e-09,6.304724326115453e-29,5,5.179908158175014e-22
3.420940639915879e-09,1.4807047153911928e-28,3,2.6845222741570213e-22
8.178031905734693e-09,8.734533340222094e-30,5,2.563780179542715e-21
3.793257630312164e-09,6.312539606179572e-28,2,2.3282595513397286e-23
5.09698134173621e-09,4.48170519327549e-28,4,7.28918475316478e-23
1.1045848591729057e-09,1.350540035364635e-28,10,3.18472145432646e-20
1.65202199015103e-09,9.579719803478193e-28,2,8.878632348046569e-23
4.532442007660163e-09,5.300830301940689e-28,2,1.8895780372990474e-23
5.319449512454111e-09,2.425755901481876e-28,8,5.1228164770606735e-22
6.400184933073733e-09,5.010530279406684e-28,1,2.6384373457795153e-24
3.6249632083837287e-09,6.799086744356463e-28,7,3.165950894707034e-22
7.254836975138883e-09,7.707060267738828e-29,5,3.2870173424377643e-22
8.741101574702841e-09,2.7535658161434895e-28,8,1.7041171129795677e-22
8.018658900040147e-09,8.071392219421981e-28,1,9.95548481448176e-25
1.3565694281352143e-09,4.60151172019299e-28,7,3.536719674717252e-21
5.32456252532046e-09,5.4698522260446595e-28,5,8.741471160142054e-23
1.9443716057635737e-09,4.333264678074808e-28,4,5.362391921197186e-22
3.1784051427627475e-09,4.476043269462642e-29,7,6.4391513365422904e-21
9.879963339404318e-09,1.665006050183178e-28,10,3.2776725879007853e-22
2.282459886113619e-09,4.460406512670233e-28,2,1.023476242449825e-22
5.489993381062204e-09,2.098971984890607e-28,1,8.496569466373661e-24
6.563401608863071e-09,5.083404753388503e-29,1,2.5903329062495895e-23
7.322184734896935e-09,8.437903793541772e-28,1,1.1783898702293144e-24
6.0368381513822265e-09,9.812094558878681e-28,5,3.5767578611736193e-23
1.087937626772653e-09,7.933290454101425e-28,10,5.965838346965243e-21
3.938151774195927e-09,8.539165152751328e-28,7,2.095537824470032e-22
5.659404790462403e-09,2.4265935089976007e-28,2,2.63867580129505e-23
1.7907984923035e-09,9.60662411235238e-28,10,1.754035718268944e-21
4.155642380882627e-09,1.976484713194203e-28,8,1.0908214402024735e-21
1.2988279791222992e-09,9.514735235325066e-28,4,5.634842844720009e-22
1.7072064743951867e-09,9.948239566013817e-28,3,1.6698533655356607e-22
4.572309485814364e-09,7.119822552208774e-28,10,3.5769163646288313e-22
2.194441786387543e-09,9.811607024332092e-28,8,8.1579973862239005e-22
6.107867634354023e-09,5.6992719376549335e-28,2,9.577875537111907e-24
7.2051847222353916e-09,2.602081955712319e-28,3,3.6455745550876185e-23
8.205280291981746e-09,4.375025893685219e-28,3,1.554056515636202e-23
2.801352198203291e-09,5.939267305369451e-28,10,1.254889072423098e-21
2.5073432403316276e-09,7.391578862119068e-29,1,1.1805994090797712e-22
1.9411105630096025e-09,6.226831556790907e-28,6,8.4958879892744e-22
6.7278722458927295e-09,9.811947767092085e-28,2,5.627082346421306e-24
7.35828153838211e-09,1.9083655289892229e-28,1,5.153776014168274e-24
1.2842753034307783e-09,7.927817806837238e-28,2,1.825630863559824e-22
9.42591021619321e-09,9.079816848652177e-28,6,2.4012217871123207e-23
1.4677415528632516e-09,9.437522613866826e-28,4,4.268589359374401e-22
5.8716670177096335e-09,9.601714823614824e-28,6,6.755606644390475e-23
7.381544675058247e-09,5.218903250466227e-28,9,1.5506762776935753e-22
8.83872211371477e-09,9.773283308743114e-28,10,6.693966990966225e-23
7.42678238919185e-09,7.5752862794801794e-28,10,1.3319890903543926e-22
8.215552747628127e-09,1.6242593194434865e-28,8,3.1761856360816906e-22
4.055051732885255e-09,4.773708963721488e-28,1,7.119876276754546e-24
8.33342602371861e-09,7.185846773141693e-28,8,6.991432235447108e-23
1.7210336174620763e-09,2.480177095348462e-28,9,6.721599933614608e-21
9.05334990454475e-09,6.409386298836934e-28,6,3.865571162757843e-23
5.928331385383626e-09,6.669005386154774e-28,10,2.2156581961407595e-22
8.355679929662443e-09,1.6345331403913819e-28,5,1.209764600198747e-22
5.070864560664701e-09,5.654767356715489e-28,6,1.304443924982122e-22
6.792199256768724e-09,7.718324467587271e-28,6,5.479842522402788e-23
5.737623948425018e-09,4.993466584378597e-28,9,2.581111038185802e-22
7.584305695797987e-09,1.299222397100893e-29,4,1.2987604075436933e-21
1.7346698382753062e-09,9.930334457120815e-30,2,7.092603286128616e-21
1.5431687559150742e-09,3.5760801756043923e-28,9,5.399485343702766e-21
3.2239291060913177e-09,9.262604937701934e-28,2,2.2433460126445053e-23
2.435902121018695e-09,2.2937097050196558e-28,10,3.798843767167996e-21
8.846052099329815e-09,6.346927615517027e-28,9,9.038896035217606e-23
2.9729258862223986e-09,2.2277600240969665e-28,2,1.137261642572307e-22
9.782787302372183e-09,3.222804866688551e-28,8,1.170595672488354e-22
4.032062125939961e-09,8.481788517208427e-28,9,2.8011059832110226e-22
2.6390612411982935e-09,7.29105466971904e-28,10,1.014039620798179e-21
8.107286564282313e-09,9.621341796362875e-29,9,7.365988093543939e-22
6.928369979507885e-09,4.292161891675459e-28,10,2.540680774057994e-22
5.483761448078251e-09,3.004351085798374e-29,9,4.970315594484922e-21
5.998271958438681e-09,4.813573454710664e-28,2,1.1878114851817356e-23
7.472816004450375e-09,6.627378210905372e-28,4,2.4594305810716862e-23
3.0560926719816886e-09,1.1929597123691323e-28,7,2.525950940777197e-21
9.967005244510677e-09,2.895249424641475e-28,2,7.911813162967682e-24
9.773138459321048e-09,3.9837857253920507e-28,1,1.5167711956022166e-24
6.8529311771224315e-09,9.196034467338593e-28,3,1.2331291574157473e-23
2.795882058362306e-09,9.932610859090834e-28,4,1.0645529990962328e-22
7.122054181881621e-09,4.5770878826519805e-29,8,1.4532142265741835e-21
1.6497856808125827e-09,7.612230163642463e-28,6,9.963750535722345e-22
1.2758725198522547e-09,3.722895147425812e-28,2,3.827019804817636e-22
3.319145996600923e-09,3.9300497386187357e-28,9,9.92111776842379e-22
5.163606610653847e-09,7.544861348710104e-28,2,1.050662314192578e-23
8.814452548675426e-09,9.184998483564778e-28,5,1.8599171295874065e-23
7.544521627896772e-09,9.509727587674961e-28,4,1.4920319282489596e-23
7.684358690799829e-09,5.775031757108864e-28,7,7.384542205965965e-23
4.829440010032678e-09,3.5769975025713243e-28,8,3.9475154464944264e-22
4.113414932922666e-09,7.877402916815065e-28,5,1.0142389688101137e-22
4.3393488668614245e-09,2.5167548201736425e-28,10,1.173744861428568e-21
9.888846073624521e-09,5.644663622075677e-28,5,2.5394810090290634e-23
1.3609827227123423e-09,3.5915574090950082e-28,2,3.2159397662267556e-22
8.803283465102038e-09,6.569401057415391e-28,8,6.732060304004659e-23
6.2080786771515405e-09,2.4108255387190277e-28,2,2.3772719329158548e-23
4.947538772706314e-09,1.9232051208366444e-28,10,1.078582413858799e-21
7.527318943736228e-09,9.183126714974292e-28,6,3.979266718192179e-23
5.380020472822325e-09,1.0261205963488233e-28,8,1.2585987737681673e-21
8.860809142734946e-09,5.064025456179703e-28,6,4.813717819819311e-23
9.106316776101327e-09,2.2155401545834228e-28,4,4.684223915389749e-23
4.795488341861098e-09,3.979492635867435e-29,4,1.0191565656652867e-21
3.491450175115464e-09,3.6886401354964117e-29,6,4.366830172965941e-21
6.33115295734026e-09,1.7596407251093213e-28,4,1.281568367406204e-22
9.21127011055022e-09,8.66890261186945e-28,8,4.753241284795206e-23
2.8959597010509995e-09,2.831245131074474e-28,9,2.017850386301058e-21
6.606699252071345e-09,9.50503757321778e-28,1,1.3552293841938494e-24
6.684041980832685e-09,5.819988329255034e-28,4,3.469555897735269e-23
7.59801720173753e-09,4.371212369979743e-28,4,3.5782107153913204e-23
2.184109166145338e-09,5.804667547182522e-28,2,7.70781780739207e-23
7.442424682138797e-09,5.171333566795642e-28,6,6.737762355213606e-23
9.181292685990769e-09,7.589933551289436e-28,3,8.016959140500911e-24
2.6171479798321778e-09,2.8314181951347675e-28,7,1.3953846959779599e-21
3.137889924314899e-09,3.536326462478622e-28,5,3.70833593097998e-22
9.742555846374757e-09,8.941896176609708e-28,4,1.1314804494642243e-23
2.6287925743854077e-09,9.465047022885702e-28,5,2.2002003995584367e-22
8.689465840326212e-09,8.926549250817367e-28,8,5.2209382595078634e-23
5.430500708032313e-09,4.19970490762752e-28,3,3.933562688070788e-23
3.2250796696285936e-09,7.805631740541756e-28,7,3.3452001144643634e-22
8.836749111452603e-09,4.768070311411278e-28,6,5.443669419371255e-23
5.007747295023989e-09,4.979920662791708e-28,1,3.947847719569642e-24
5.6333561853672115e-09,2.0539589695913242e-28,7,4.5613864000226625e-22
4.233100324597891e-09,5.914982859855838e-28,7,2.4369550763884215e-22
6.336557662914346e-09,1.8686837544536994e-28,1,7.313716080072519e-24
2.471714853265205e-09,3.3216629083803336e-28,9,2.1943771108794252e-21
4.519733829865846e-09,8.551606744384772e-28,6,1.2438890196290988e-22
9.724710901017588e-09,2.077894409825655e-28,2,1.1122114881987845e-23
3.3232008943101477e-09,7.199424271677673e-29,5,1.8627035385907938e-21
6.91062998087163e-09,6.984548577946478e-29,4,2.686035827977936e-22
3.9267105780222534e-09,9.408378144346551e-28,7,1.7645727009869158e-22
7.961258131179406e-09,5.07364209567669e-28,8,1.0995984918196357e-22
2.1778629464651486e-09,4.0994360095238305e-28,1,2.805794306107777e-23
9.728389405706902e-09,8.110487902850113e-28,5,1.6905612061472832e-23
5.084105872452753e-09,8.359736845753965e-28,3,2.3267086439520648e-23
3.1244541701181752e-09,3.327920611858006e-28,1,1.6911436018869635e-23
1.661470725970114e-09,6.938938012220689e-28,3,2.650352923766553e-22
2.527821145787867e-09,7.7132880531762e-28,6,4.047350110532738e-22
5.677965537004158e-09,6.549615012477752e-28,7,1.2320918761658588e-22
4.033028587881577e-09,1.523586392327793e-28,8,1.4717838174277749e-21
8.459950292943486e-09,8.759947887418917e-28,4,1.3568446053704385e-23
4.877987712956253e-09,5.395093676385464e-28,3,3.2512424980594667e-23
3.238428453288669e-09,2.8311820118627073e-28,5,4.650615056295478e-22
6.55430487943627e-09,4.257454800708001e-28,9,2.3632104898188966e-22
7.360994951969012e-09,3.8437276417548374e-29,6,9.667596331942433e-22
2.5033771711085487e-09,1.2865172110131738e-28,9,6.064700062343861e-21
2.5085729465948588e-09,7.657577584403967e-28,6,4.515643398731571e-22
1.3300428424018867e-09,9.116242840863116e-31,2,1.3500020707071997e-19
7.627618135590764e-09,4.170909192366581e-28,5,5.420314911489549e-23
6.9742407485962455e-09,5.229399219226115e-28,9,1.7987699208240702e-22
5.271677881748324e-09,5.548524902297143e-29,8,2.235692594775113e-21
8.597534040722774e-09,9.731023926256578e-28,7,3.811859377259887e-23
8.251031376550479e-09,2.268218184515473e-28,1,3.4365914977202064e-24
6.268189279570769e-09,3.0482494078860825e-28,4,7.423645645074755e-23
8.814441524619327e-09,3.0456896399399786e-28,7,1.0902929479235122e-22
2.8525708903309143e-09,2.3110928712144434e-28,7,1.5146456057781225e-21
2.007276574579551e-09,2.372495646433736e-30,6,2.0058606319141757e-19
3.427746503652906e-09,7.295883837733172e-28,8,4.2328242774794513e-22
1.5137817048038337e-09,9.66875338849466e-28,6,8.353273120047444e-22
5.780525752009288e-09,2.2499161915008856e-28,10,7.585096846350363e-22
9.429451230654653e-09,6.633504493307994e-28,3,7.969664189659523e-24
1.354091866016587e-09,7.421286202644524e-28,4,6.537343212006249e-22
2.098989226090241e-09,8.485617962493433e-28,3,1.388767465223815e-22
5.0697912545509175e-09,4.23148830736297e-28,1,4.9955618532900826e-24
9.404875157751145e-09,3.035582678253529e-28,10,1.9387880901776482e-22
3.845404944790755e-09,3.2590236840241044e-28,5,2.9177409851170073e-22
5.565113278195532e-09,7.128799738987243e-28,1,2.381227573425239e-24
1.374155731453529e-09,8.16944364985781e-28,1,3.4856973415477147e-23
2.3350888086587998e-09,1.8235051518562174e-28,2,2.237148386889402e-22
9.879671106629622e-09,3.715071612504233e-28,4,2.5862761098183855e-23
9.68606826792441e-09,9.020284505720758e-28,6,2.3376823722358675e-23
1.0444598284096865e-09,8.068674955270141e-28,8,3.99495971843915e-21
9.566306068809151e-09,9.848720301999896e-28,3,5.6822836247161106e-24
6.752079440339503e-09,7.54469436248367e-28,1,1.5995498188960466e-24
8.8112646506802e-09,3.937413253469972e-28,3,1.6671041299175062e-23
5.0926587007047315e-09,5.910062599440426e-28,3,3.396203887024068e-23
5.640364257213252e-09,6.613193414184978e-28,5,6.414471431545869e-23
5.399619222312281e-09,7.928520608243854e-29,4,3.1765776822118513e-22
7.001778317914939e-09,5.449069118406717e-28,4,3.1525977872744227e-23
2.2568612928068163e-09,7.095824397269843e-28,9,1.3043020601776034e-21
1.2697623088541017e-09,1.6807071482745943e-28,7,9.907120132142878e-21
3.771369474320718e-09,7.808291488798742e-28,4,7.772497730797499e-23
7.3421268646298195e-09,5.841473850116491e-28,3,1.6600580627198636e-23
2.816681069106535e-09,9.522647860904668e-28,6,2.6018704158370786e-22
7.060891899924256e-09,4.32841181385055e-29,3,2.0493731463105605e-22
9.729208414965434e-09,2.659873440316671e-28,6,7.256477169492649e-23
1.8451064421047655e-09,6.019124808084543e-28,9,2.21476615847343e-21
7.053419064026136e-09,2.971930082849454e-28,6,1.3317774504851906e-22
4.99375197374114e-09,7.146811823235782e-28,4,5.2852719709489464e-23
8.813280289397549e-09,7.592221777676614e-28,5,2.2412797924998791e-23
2.594348105026473e-09,1.0332369969881464e-28,6,2.7970154088349604e-21
7.23363357003548e-09,5.142919951889817e-28,3,1.7542739040637533e-23
8.543037606832993e-09,5.09332554091024e-28,8,9.202836034306413e-23
9.50152797526621e-09,3.6984841752234713e-28,4,2.3810810676508032e-23
7.149232254606812e-09,9.329852301933594e-28,8,7.223565623281601e-23
5.474572876075845e-09,8.276615641853352e-28,10,2.2066884434772665e-22
6.5606251618109245e-09,6.974818934659182e-28,10,1.8156333901378928e-22
8.820144860308465e-09,7.145837417628361e-28,3,9.839997546970516e-24
6.1354877197494665e-09,4.622005992836874e-28,10,3.443391818688928e-22
1.2734835372715318e-09,9.21065626027589e-28,7,1.732691926871545e-21
9.3785382595628e-09,6.948702913687575e-28,9,6.530014864886487e-23
7.20574075928405e-09,7.292249787003263e-28,4,2.307617282659352e-23
7.0886204719952185e-09,8.618153819739367e-28,8,8.263502533044381e-23
2.9410763715794547e-09,2.7472492491178306e-28,3,1.9890919859537943e-22
6.9299692320939145e-09,8.072445400532231e-28,7,6.655387113065324e-23
4.544779650887426e-09,1.9596488641383122e-28,3,1.3168415393550453e-22
6.8610967933734284e-09,3.459311444878675e-28,7,1.6300931122002047e-22
1.9593372727719166e-09,3.362084048609999e-28,10,4.39281309633685e-21
6.920607741427324e-09,9.785447954675903e-28,10,1.1165203099383212e-22
9.994723531936e-09,8.566663402465538e-28,6,2.3021471987241363e-23
1.4339083497450044e-09,7.014388087148286e-28,2,1.4965246761525658e-22
9.794567657991856e-09,7.273024105299363e-28,3,6.840063478950242e-24
4.662171646505835e-09,5.624669288876088e-28,6,1.7093864757544642e-22
8.836781053035333e-09,9.471382855081214e-28,4,1.1047984504302192e-23
8.04146935652446e-09,4.967121200047675e-28,6,6.243329425762323e-23
6.1031463488800095e-09,3.810752439310117e-28,1,3.797721518029709e-24
7.646042883261939e-09,1.6378860512835258e-28,10,5.850332954082291e-22
8.906640051712132e-09,7.863980671740231e-28,1,8.647100768816894e-25
4.6372628948592965e-09,7.346829325367235e-28,3,3.261934483120311e-23
3.943298454069148e-09,3.849091189894632e-28,8,5.592734794405365e-22
7.008340470072262e-09,2.6070739886666057e-29,8,2.9017082933379936e-21
8.270613477471327e-09,8.391422301230646e-28,4,1.5275841161767593e-23
7.860566212989542e-09,1.2307707268964967e-29,6,2.425430911521575e-21
8.18032283972771e-09,7.039664498273849e-28,8,7.709642860799732e-23
4.920249833316396e-09,9.702838783273036e-28,7,1.133458045453377e-22
8.360507945575195e-09,4.381674329528702e-28,7,8.030595919597411e-23
2.081881498335476e-09,2.3566192893145643e-28,4,8.739784389465102e-22
5.9004018816476455e-09,7.051366261343428e-28,9,1.9019378150825903e-22
1.0518279444830941e-09,8.17292726687771e-28,10,6.458627560618287e-21
3.921272469102433e-09,5.468385287933774e-28,6,2.3052440691222533e-22
4.2981538138425806e-09,9.670649435084156e-28,3,2.784768948101918e-23
4.565554224483298e-09,5.252221980846894e-29,5,1.2564001971034226e-21
7.259204860208759e-09,5.052412822660541e-28,5,5.537166435060298e-23
4.497022911433111e-09,7.1870733876995985e-28,5,9.057195086866306e-23
5.038242603602776e-09,8.627640947251448e-28,8,1.566544808358861e-22
3.1378971778689473e-09,1.7999428185707305e-28,9,2.403566437271675e-21
4.359266124664061e-09,8.001834786300942e-28,9,2.711593293085295e-22
3.045426645368363e-09,5.531096393503987e-28,6,3.8991023085293065e-22
1.6587633139159928e-09,3.970967836761723e-28,6,1.953031369681264e-21
6.431037340432401e-09,1.324964850533724e-28,9,8.031730109014042e-22
7.013915186995146e-09,8.654169927258944e-28,4,1.971561941196602e-23
6.5754131140865305e-09,1.5803166229235362e-28,6,2.9185903780985247e-22
5.171446394205151e-09,3.104090501358111e-28,4,1.0889084698562252e-22
4.418072021613068e-09,2.906844909836707e-28,1,9.596788048514779e-24
8.770002846146427e-09,8.715297615600825e-28,7,4.293307343494112e-23
